10CH00,323/VII/17,20170703,E164657,D68681,BP0A,2,2,,1,393.16,USD
10CH00,323/VII/17,20170703,E164658,D68681,BP0A,2,2,,1,393.16,USD
10CH00,323/VII/17,20170703,E164659,D68681,BP0A,2,2,,1,393.16,USD
10CH00,323/VII/17,20170703,E164660,D68681,BP0A,2,2,,1,393.16,USD
10CH00,323/VII/17,20170703,E164661,D68681,BP0A,2,2,,1,393.16,USD
10CH00,323/VII/17,20170703,E164662,D68681,BP0A,2,2,,1,393.16,USD
10CH00,323/VII/17,20170703,E164663,D68681,BP0A,2,2,,1,393.16,USD
10CH00,323/VII/17,20170703,E164664,D68681,BP0A,2,2,,1,393.16,USD
10CH00,323/VII/17,20170703,E164665,D68681,BP0A,2,2,,1,393.16,USD
10CH00,323/VII/17,20170703,E164666,D68681,BP0A,2,2,,1,393.16,USD
10CH00,323/VII/17,20170703,E164667,D68681,BP0A,2,2,,1,393.16,USD
10CH00,323/VII/17,20170703,E164668,D68681,BP0A,2,2,,1,393.16,USD
10CH00,323/VII/17,20170703,E164669,D68681,BP0A,2,2,,1,393.16,USD
10CH00,323/VII/17,20170703,E164670,D68681,BP0A,2,2,,1,393.16,USD
10CH00,323/VII/17,20170703,E164671,D68681,BP0A,2,2,,1,393.16,USD
10CH00,323/VII/17,20170703,E164672,D68681,BP0A,2,2,,1,393.16,USD
10CH00,323/VII/17,20170703,E164673,D68681,BP0A,2,2,,1,393.16,USD
10CH00,323/VII/17,20170703,E164674,D68681,BP0A,2,2,,1,393.16,USD
10CH00,323/VII/17,20170703,E164675,D68681,BP0A,2,2,,1,393.16,USD
10CH00,323/VII/17,20170703,E164676,D68681,BP0A,2,2,,1,393.16,USD
10CH00,323/VII/17,20170703,E164677,D68681,BP0A,2,2,,1,393.16,USD
10CH00,323/VII/17,20170703,E164678,D68681,BP0A,2,2,,1,393.16,USD
10CH00,323/VII/17,20170703,E164679,D68681,BP0A,2,2,,1,393.16,USD
10CH00,323/VII/17,20170703,E164680,D68681,BP0A,2,2,,1,393.16,USD
10CH00,323/VII/17,20170703,E164681,D68681,BP0A,2,2,,1,393.16,USD
10CH00,323/VII/17,20170703,E164682,D68681,BP0A,2,2,,1,393.16,USD
10CH00,323/VII/17,20170703,E164683,D68681,BP0A,2,2,,1,393.16,USD
10CH00,323/VII/17,20170703,E164684,D68681,BP0A,2,2,,1,393.16,USD
10CH00,323/VII/17,20170703,E164685,D68681,BP0A,2,2,,1,393.16,USD
10CH00,323/VII/17,20170703,E164686,D68681,BP0A,2,2,,1,393.16,USD
10CH00,323/VII/17,20170703,E164687,D68681,BP0A,2,2,,1,393.16,USD
10CH00,323/VII/17,20170703,E164688,D68681,BP0A,2,2,,1,393.16,USD
10CH00,323/VII/17,20170703,E164689,D68681,BP0A,2,2,,1,393.16,USD
10CH00,323/VII/17,20170703,E164690,D68681,BP0A,2,2,,1,393.16,USD
10CH00,323/VII/17,20170703,E164691,D68681,BP0A,2,2,,1,393.16,USD
10CH00,323/VII/17,20170703,E164692,D68681,BP0A,2,2,,1,393.16,USD
10CH00,323/VII/17,20170703,E164693,D68681,BP0A,2,2,,1,393.16,USD
10CH00,323/VII/17,20170703,E164694,D68681,BP0A,2,2,,1,393.16,USD
10CH00,323/VII/17,20170703,E164695,D68681,BP0A,2,2,,1,393.16,USD
10CH00,323/VII/17,20170703,E164696,D68681,BP0A,2,2,,1,393.16,USD
10CH00,323/VII/17,20170703,E164697,D68681,BP0A,2,2,,1,393.16,USD
10CH00,323/VII/17,20170703,E164698,D68681,BP0A,2,2,,1,393.16,USD
10CH00,323/VII/17,20170703,E164699,D68681,BP0A,2,2,,1,393.16,USD
10CH00,323/VII/17,20170703,E164700,D68681,BP0A,2,2,,1,393.16,USD
10CH00,323/VII/17,20170703,E164701,D68681,BP0A,2,2,,1,393.16,USD
10CH00,323/VII/17,20170703,E164702,D68681,BP0A,2,2,,1,393.16,USD
10CH00,323/VII/17,20170703,E164703,D68681,BP0A,2,2,,1,393.16,USD
10CH00,323/VII/17,20170703,E164704,D68681,BP0A,2,2,,1,393.16,USD
10CH00,323/VII/17,20170703,E164705,D68681,BP0A,2,2,,1,393.16,USD
10CH00,323/VII/17,20170703,E164706,D68681,BP0A,2,2,,1,393.16,USD
10CH00,323/VII/17,20170703,E164707,D68681,BP0A,2,2,,1,393.16,USD
10CH00,323/VII/17,20170703,E164708,D68681,BP0A,2,2,,1,393.16,USD
10CH00,323/VII/17,20170703,E164709,D68681,BP0A,2,2,,1,393.16,USD
10CH00,323/VII/17,20170703,E164710,D68681,BP0A,2,2,,1,393.16,USD
10CH00,323/VII/17,20170703,E164711,D68681,BP0A,2,2,,1,393.16,USD
10CH00,323/VII/17,20170703,E164712,D68681,BP0A,2,2,,1,393.16,USD
10CH00,323/VII/17,20170703,E164713,D68681,BP0A,2,2,,1,393.16,USD
10CH00,323/VII/17,20170703,E164714,D68681,BP0A,2,2,,1,393.16,USD
10CH00,323/VII/17,20170703,E164715,D68681,BP0A,2,2,,1,393.16,USD
10CH00,323/VII/17,20170703,E164716,D68681,BP0A,2,2,,1,393.16,USD
10CH00,323/VII/17,20170703,E164717,D68681,BP0A,2,2,,1,393.16,USD
10CH00,323/VII/17,20170703,E164718,D68681,BP0A,2,2,,1,393.16,USD
10CH00,323/VII/17,20170703,E164719,D68681,BP0A,2,2,,1,393.16,USD
10CH00,323/VII/17,20170703,E164720,D68681,BP0A,2,2,,1,393.16,USD
10CH00,323/VII/17,20170703,E164721,D68681,BP0A,2,2,,1,393.16,USD
10CH00,323/VII/17,20170703,E164722,D68681,BP0A,2,2,,1,393.16,USD
10CH00,323/VII/17,20170703,E164723,D68681,BP0A,2,2,,1,393.16,USD
10CH00,323/VII/17,20170703,E164724,D68681,BP0A,2,2,,1,393.16,USD
10CH00,323/VII/17,20170703,E164725,D68681,BP0A,2,2,,1,393.16,USD
10CH00,323/VII/17,20170703,E164726,D68681,BP0A,2,2,,1,393.16,USD
10CH00,323/VII/17,20170703,E164727,D68681,BP0A,2,2,,1,393.16,USD
10CH00,323/VII/17,20170703,E164728,D68681,BP0A,2,2,,1,393.16,USD
10CH00,323/VII/17,20170703,E164729,D68681,BP0A,2,2,,1,393.16,USD
10CH00,323/VII/17,20170703,E164730,D68681,BP0A,2,2,,1,393.16,USD
10CH00,323/VII/17,20170703,E164731,D68681,BP0A,2,2,,1,393.16,USD
10CH00,323/VII/17,20170703,E164732,D68681,BP0A,2,2,,1,393.16,USD
10CH00,323/VII/17,20170703,E164733,D68681,BP0A,2,2,,1,393.16,USD
10CH00,323/VII/17,20170703,E164734,D68681,BP0A,2,2,,1,393.16,USD
10CH00,323/VII/17,20170703,E164735,D68681,BP0A,2,2,,1,393.16,USD
10CH00,323/VII/17,20170703,E164736,D68681,BP0A,2,2,,1,393.16,USD
10CH00,323/VII/17,20170703,E164737,D68681,BP0A,2,2,,1,393.16,USD
10CH00,323/VII/17,20170703,E164738,D68681,BP0A,2,2,,1,393.16,USD
10CH00,323/VII/17,20170703,E164739,D68681,BP0A,2,2,,1,393.16,USD
10CH00,323/VII/17,20170703,E164740,D68681,BP0A,2,2,,1,393.16,USD
10CH00,323/VII/17,20170703,E164741,D68681,BP0A,2,2,,1,393.16,USD
10CH00,323/VII/17,20170703,E164742,D68681,BP0A,2,2,,1,393.16,USD
10CH00,323/VII/17,20170703,E164743,D68681,BP0A,2,2,,1,393.16,USD
10CH00,323/VII/17,20170703,E164744,D68681,BP0A,2,2,,1,393.16,USD
10CH00,323/VII/17,20170703,E164745,D68681,BP0A,2,2,,1,393.16,USD
10CH00,323/VII/17,20170703,E164746,D68681,BP0A,2,2,,1,393.16,USD
10CH00,323/VII/17,20170703,E164747,D68681,BP0A,2,2,,1,393.16,USD
10CH00,323/VII/17,20170703,E164748,D68681,BP0A,2,2,,1,393.16,USD
10CH00,323/VII/17,20170703,E164749,D68681,BP0A,2,2,,1,393.16,USD
10CH00,323/VII/17,20170703,E164750,D68681,BP0A,2,2,,1,393.16,USD
10CH00,323/VII/17,20170703,E164751,D68681,BP0A,2,2,,1,393.16,USD
10CH00,323/VII/17,20170703,E164752,D68681,BP0A,2,2,,1,393.16,USD
10CH00,323/VII/17,20170703,E164753,D68681,BP0A,2,2,,1,393.16,USD
10CH00,323/VII/17,20170703,E164754,D68681,BP0A,2,2,,1,393.16,USD
10CH00,323/VII/17,20170703,E164755,D68681,BP0A,2,2,,1,393.16,USD
10CH00,323/VII/17,20170703,E164756,D68681,BP0A,2,2,,1,393.16,USD
10CH00,323/VII/17,20170703,E164757,D68681,BP0A,2,2,,1,393.16,USD
10CH00,323/VII/17,20170703,E164758,D68681,BP0A,2,2,,1,393.16,USD
10CH00,323/VII/17,20170703,E164759,D68681,BP0A,2,2,,1,393.16,USD
10CH00,323/VII/17,20170703,E164760,D68681,BP0A,2,2,,1,393.16,USD
10CH00,323/VII/17,20170703,E164761,D68681,BP0A,2,2,,1,393.16,USD
10CH00,323/VII/17,20170703,E164762,D68681,BP0A,2,2,,1,393.16,USD
10CH00,323/VII/17,20170703,E164763,D68681,BP0A,2,2,,1,393.16,USD
10CH00,323/VII/17,20170703,E164764,D68681,BP0A,2,2,,1,393.16,USD
10CH00,323/VII/17,20170703,E164765,D68681,BP0A,2,2,,1,393.16,USD
10CH00,323/VII/17,20170703,E164766,D68681,BP0A,2,2,,1,393.16,USD
10CH00,323/VII/17,20170703,E164767,D68681,BP0A,2,2,,1,393.16,USD
10CH00,323/VII/17,20170703,E164768,D68681,BP0A,2,2,,1,393.16,USD
10CH00,323/VII/17,20170703,E164769,D68681,BP0A,2,2,,1,393.16,USD
10CH00,323/VII/17,20170703,E164770,D68681,BP0A,2,2,,1,393.16,USD
10CH00,323/VII/17,20170703,E164771,D68681,BP0A,2,2,,1,393.16,USD
10CH00,323/VII/17,20170703,E164772,D68681,BP0A,2,2,,1,393.16,USD
10CH00,323/VII/17,20170703,E164773,D68681,BP0A,2,2,,1,393.16,USD
10CH00,323/VII/17,20170703,E164774,D68681,BP0A,2,2,,1,393.16,USD
10CH00,323/VII/17,20170703,E164775,D68681,BP0A,2,2,,1,393.16,USD
10CH00,323/VII/17,20170703,E164776,D68681,BP0A,2,2,,1,393.16,USD
10CH00,323/VII/17,20170703,E164777,D68681,BP0A,2,2,,1,393.16,USD
10CH00,323/VII/17,20170703,E164778,D68681,BP0A,2,2,,1,393.16,USD
10CH00,323/VII/17,20170703,E164779,D68681,BP0A,2,2,,1,393.16,USD
10CH00,323/VII/17,20170703,E164780,D68681,BP0A,2,2,,1,393.16,USD
10CH00,323/VII/17,20170703,E164781,D68681,BP0A,2,2,,1,393.16,USD
10CH00,323/VII/17,20170703,E164782,D68681,BP0A,2,2,,1,393.16,USD
10CH00,323/VII/17,20170703,E164783,D68681,BP0A,2,2,,1,393.16,USD
10CH00,323/VII/17,20170703,E164784,D68681,BP0A,2,2,,1,393.16,USD
10CH00,323/VII/17,20170703,E164785,D68681,BP0A,2,2,,1,393.16,USD
10CH00,323/VII/17,20170703,E164786,D68681,BP0A,2,2,,1,393.16,USD
10CH00,323/VII/17,20170703,E164787,D68681,BP0A,2,2,,1,393.16,USD
10CH00,323/VII/17,20170703,E164788,D68681,BP0A,2,2,,1,393.16,USD
10CH00,323/VII/17,20170703,E164789,D68681,BP0A,2,2,,1,393.16,USD
10CH00,323/VII/17,20170703,E164790,D68681,BP0A,2,2,,1,393.16,USD
10CH00,323/VII/17,20170703,E164791,D68681,BP0A,2,2,,1,393.16,USD
10CH00,323/VII/17,20170703,E164792,D68681,BP0A,2,2,,1,393.16,USD
10CH00,323/VII/17,20170703,E164793,D68681,BP0A,2,2,,1,393.16,USD
10CH00,323/VII/17,20170703,E164794,D68681,BP0A,2,2,,1,393.16,USD
10CH00,323/VII/17,20170703,E164795,D68681,BP0A,2,2,,1,393.16,USD
10CH00,323/VII/17,20170703,E164796,D68681,BP0A,2,2,,1,393.16,USD
10CH00,323/VII/17,20170703,E164797,D68681,BP0A,2,2,,1,393.16,USD
10CH00,323/VII/17,20170703,E164798,D68681,BP0A,2,2,,1,393.16,USD
10CH00,323/VII/17,20170703,E164799,D68681,BP0A,2,2,,1,393.16,USD
10CH00,323/VII/17,20170703,E164800,D68681,BP0A,2,2,,1,393.16,USD
10CH00,323/VII/17,20170703,E164801,D68681,BP0A,2,2,,1,393.16,USD
10CH00,323/VII/17,20170703,E164802,D68681,BP0A,2,2,,1,393.16,USD
10CH00,323/VII/17,20170703,E164803,D68681,BP0A,2,2,,1,393.16,USD
10CH00,323/VII/17,20170703,E164804,D68681,BP0A,2,2,,1,393.16,USD
14-230713,324/VII/17,20170706,,D68681,BP0A,2,2,1,23,4134.94,USD
14-239095,324/VII/17,20170706,,D68681,BP0A,2,2,1,30,62.10,USD
14-239186,324/VII/17,20170706,,D68681,BP0A,2,2,1,28,1430.80,USD
14-818737,324/VII/17,20170706,,D68681,BP0A,2,2,1,19,2.66,USD
14-818738,324/VII/17,20170706,,D68681,BP0A,2,2,1,19,2.66,USD
14-818785,324/VII/17,20170706,,D68681,BP0A,2,2,1,28,8.12,USD
14-818787,324/VII/17,20170706,,D68681,BP0A,2,2,1,18,5.76,USD
14-818788,324/VII/17,20170706,,D68681,BP0A,2,2,1,20,6.40,USD
14-954143,324/VII/17,20170706,,D68681,BP0A,2,2,1,40,34.80,USD
14-955274,324/VII/17,20170706,,D68681,BP0A,2,2,1,19,2.47,USD
14-955277,324/VII/17,20170706,,D68681,BP0A,2,2,1,19,2.47,USD
14-955593,324/VII/17,20170706,,D68681,BP0A,2,2,1,17,166.09,USD
14-955595,324/VII/17,20170706,,D68681,BP0A,2,2,1,20,197.00,USD
14-955597,324/VII/17,20170706,,D68681,BP0A,2,2,1,12,19.44,USD
239094,324/VII/17,20170706,,D68681,BP0A,2,2,1,30,275.40,USD
14-230713,330/VII/17,20170710,,D68681,BP0A,2,2,1,4,891.32,USD
100N00R1,325/VII/17,20170710,G352292,D68681,BP0A,2,2,,1,319.65,USD
100N00R1,325/VII/17,20170710,G352293,D68681,BP0A,2,2,,1,319.65,USD
100N00R1,325/VII/17,20170710,G352294,D68681,BP0A,2,2,,1,319.65,USD
100N00R1,325/VII/17,20170710,G352295,D68681,BP0A,2,2,,1,319.65,USD
100N00R1,325/VII/17,20170710,G352296,D68681,BP0A,2,2,,1,319.65,USD
100N00R1,325/VII/17,20170710,G352268,D68681,BP0A,2,2,,1,319.65,USD
100N00R1,325/VII/17,20170710,G352269,D68681,BP0A,2,2,,1,319.65,USD
100N00R1,325/VII/17,20170710,G352270,D68681,BP0A,2,2,,1,319.65,USD
100N00R1,325/VII/17,20170710,G352271,D68681,BP0A,2,2,,1,319.65,USD
100N00R1,325/VII/17,20170710,G352272,D68681,BP0A,2,2,,1,319.65,USD
100N00R1,325/VII/17,20170710,G352273,D68681,BP0A,2,2,,1,319.65,USD
100N00R1,325/VII/17,20170710,G352274,D68681,BP0A,2,2,,1,319.65,USD
100N00R1,325/VII/17,20170710,G352275,D68681,BP0A,2,2,,1,319.65,USD
100N00R1,325/VII/17,20170710,G352276,D68681,BP0A,2,2,,1,319.65,USD
100N00R1,325/VII/17,20170710,G352277,D68681,BP0A,2,2,,1,319.65,USD
100N00R1,325/VII/17,20170710,G352278,D68681,BP0A,2,2,,1,319.65,USD
100N00R1,325/VII/17,20170710,G352279,D68681,BP0A,2,2,,1,319.65,USD
100N00R1,325/VII/17,20170710,G352280,D68681,BP0A,2,2,,1,319.65,USD
100N00R1,325/VII/17,20170710,G352281,D68681,BP0A,2,2,,1,319.65,USD
100N00R1,325/VII/17,20170710,G352282,D68681,BP0A,2,2,,1,319.65,USD
100N00R1,325/VII/17,20170710,G352283,D68681,BP0A,2,2,,1,319.65,USD
100N00R1,325/VII/17,20170710,G352284,D68681,BP0A,2,2,,1,319.65,USD
100N00R1,325/VII/17,20170710,G352285,D68681,BP0A,2,2,,1,319.65,USD
100N00R1,325/VII/17,20170710,G352286,D68681,BP0A,2,2,,1,319.65,USD
100N00R1,325/VII/17,20170710,G352287,D68681,BP0A,2,2,,1,319.65,USD
100N00R1,325/VII/17,20170710,G352288,D68681,BP0A,2,2,,1,319.65,USD
100N00R1,325/VII/17,20170710,G352289,D68681,BP0A,2,2,,1,319.65,USD
100N00R1,325/VII/17,20170710,G352290,D68681,BP0A,2,2,,1,319.65,USD
100N00R1,325/VII/17,20170710,G352291,D68681,BP0A,2,2,,1,319.65,USD
10CM01R1,325/VII/17,20170710,G350519,D68681,BP0A,2,2,,1,368.05,USD
10CM01R1,325/VII/17,20170710,G350520,D68681,BP0A,2,2,,1,368.05,USD
10CM01R1,325/VII/17,20170710,G350521,D68681,BP0A,2,2,,1,368.05,USD
10CM01R1,325/VII/17,20170710,G350522,D68681,BP0A,2,2,,1,368.05,USD
10CM01R1,325/VII/17,20170710,G350523,D68681,BP0A,2,2,,1,368.05,USD
10CM01R1,325/VII/17,20170710,G350524,D68681,BP0A,2,2,,1,368.05,USD
10CM01R1,325/VII/17,20170710,G350525,D68681,BP0A,2,2,,1,368.05,USD
10CM01R1,325/VII/17,20170710,G350526,D68681,BP0A,2,2,,1,368.05,USD
10CM01R1,325/VII/17,20170710,G350527,D68681,BP0A,2,2,,1,368.05,USD
10CM01R1,325/VII/17,20170710,G350528,D68681,BP0A,2,2,,1,368.05,USD
10CM01R1,325/VII/17,20170710,G350529,D68681,BP0A,2,2,,1,368.05,USD
10CM01R1,325/VII/17,20170710,G350530,D68681,BP0A,2,2,,1,368.05,USD
10CM01R1,325/VII/17,20170710,G350531,D68681,BP0A,2,2,,1,368.05,USD
10CM01R1,325/VII/17,20170710,G350532,D68681,BP0A,2,2,,1,368.05,USD
10CM01R1,325/VII/17,20170710,G350533,D68681,BP0A,2,2,,1,368.05,USD
10CN01R1,325/VII/17,20170710,G350727,D68681,BP0A,2,2,,1,368.05,USD
10CN01R1,325/VII/17,20170710,G350728,D68681,BP0A,2,2,,1,368.05,USD
10CN01R1,325/VII/17,20170710,G350729,D68681,BP0A,2,2,,1,368.05,USD
10CN01R1,325/VII/17,20170710,G350730,D68681,BP0A,2,2,,1,368.05,USD
10CN01R1,325/VII/17,20170710,G350731,D68681,BP0A,2,2,,1,368.05,USD
10CN01R1,325/VII/17,20170710,G350732,D68681,BP0A,2,2,,1,368.05,USD
10CN01R1,325/VII/17,20170710,G350733,D68681,BP0A,2,2,,1,368.05,USD
10CN01R1,325/VII/17,20170710,G350734,D68681,BP0A,2,2,,1,368.05,USD
10CN01R1,325/VII/17,20170710,G350735,D68681,BP0A,2,2,,1,368.05,USD
10CN01R1,325/VII/17,20170710,G350736,D68681,BP0A,2,2,,1,368.05,USD
10CN01R1,325/VII/17,20170710,G350737,D68681,BP0A,2,2,,1,368.05,USD
10CN01R1,325/VII/17,20170710,G350738,D68681,BP0A,2,2,,1,368.05,USD
10CN01R1,325/VII/17,20170710,G350739,D68681,BP0A,2,2,,1,368.05,USD
10CN01R1,325/VII/17,20170710,G350740,D68681,BP0A,2,2,,1,368.05,USD
10CN01R1,325/VII/17,20170710,G350741,D68681,BP0A,2,2,,1,368.05,USD
10CN01R1,325/VII/17,20170710,G350742,D68681,BP0A,2,2,,1,368.05,USD
10CN01R1,325/VII/17,20170710,G350743,D68681,BP0A,2,2,,1,368.05,USD
10CN01R1,325/VII/17,20170710,G350744,D68681,BP0A,2,2,,1,368.05,USD
10CN01R1,325/VII/17,20170710,G350745,D68681,BP0A,2,2,,1,368.05,USD
10CN01R1,325/VII/17,20170710,G350746,D68681,BP0A,2,2,,1,368.05,USD
10CN01R1,325/VII/17,20170710,G350747,D68681,BP0A,2,2,,1,368.05,USD
10CN01R1,325/VII/17,20170710,G350748,D68681,BP0A,2,2,,1,368.05,USD
10CN01R1,325/VII/17,20170710,G350749,D68681,BP0A,2,2,,1,368.05,USD
10CN01R1,325/VII/17,20170710,G350750,D68681,BP0A,2,2,,1,368.05,USD
10CN01R1,325/VII/17,20170710,G350751,D68681,BP0A,2,2,,1,368.05,USD
10CR01R1,325/VII/17,20170710,G350914,D68681,BP0A,2,2,,1,368.05,USD
10CR01R1,325/VII/17,20170710,G350915,D68681,BP0A,2,2,,1,368.05,USD
10CW01R1,325/VII/17,20170710,G353301,D68681,BP0A,2,2,,1,523.21,USD
10CW01R1,325/VII/17,20170710,G353302,D68681,BP0A,2,2,,1,523.21,USD
10CW01R1,325/VII/17,20170710,G353303,D68681,BP0A,2,2,,1,523.21,USD
10CW01R1,325/VII/17,20170710,G353304,D68681,BP0A,2,2,,1,523.21,USD
10CW01R1,325/VII/17,20170710,G353305,D68681,BP0A,2,2,,1,523.21,USD
10CW01R1,325/VII/17,20170710,G353306,D68681,BP0A,2,2,,1,523.21,USD
10CW01R1,325/VII/17,20170710,G353307,D68681,BP0A,2,2,,1,523.21,USD
10CW01R1,325/VII/17,20170710,G353308,D68681,BP0A,2,2,,1,523.21,USD
10CW01R1,325/VII/17,20170710,G353309,D68681,BP0A,2,2,,1,523.21,USD
10CW01R1,325/VII/17,20170710,G353310,D68681,BP0A,2,2,,1,523.21,USD
10CW01R1,325/VII/17,20170710,G353311,D68681,BP0A,2,2,,1,523.21,USD
10CW01R1,325/VII/17,20170710,G353312,D68681,BP0A,2,2,,1,523.21,USD
10CW01R1,325/VII/17,20170710,G353313,D68681,BP0A,2,2,,1,523.21,USD
10CW01R1,325/VII/17,20170710,G353314,D68681,BP0A,2,2,,1,523.21,USD
10CW01R1,325/VII/17,20170710,G353315,D68681,BP0A,2,2,,1,523.21,USD
10CW01R1,325/VII/17,20170710,G353316,D68681,BP0A,2,2,,1,523.21,USD
10CW01R1,325/VII/17,20170710,G353317,D68681,BP0A,2,2,,1,523.21,USD
10CW01R1,325/VII/17,20170710,G353318,D68681,BP0A,2,2,,1,523.21,USD
10CW01R1,325/VII/17,20170710,G353319,D68681,BP0A,2,2,,1,523.21,USD
10CW01R1,325/VII/17,20170710,G353320,D68681,BP0A,2,2,,1,523.21,USD
10CW01R1,325/VII/17,20170710,G353321,D68681,BP0A,2,2,,1,523.21,USD
10CW01R1,325/VII/17,20170710,G353322,D68681,BP0A,2,2,,1,523.21,USD
10CW01R1,325/VII/17,20170710,G353323,D68681,BP0A,2,2,,1,523.21,USD
10CW01R1,325/VII/17,20170710,G353324,D68681,BP0A,2,2,,1,523.21,USD
10CW01R1,325/VII/17,20170710,G353325,D68681,BP0A,2,2,,1,523.21,USD
10CW01R1,325/VII/17,20170710,G353326,D68681,BP0A,2,2,,1,523.21,USD
10CW01R1,325/VII/17,20170710,G353327,D68681,BP0A,2,2,,1,523.21,USD
10CW01R1,325/VII/17,20170710,G353328,D68681,BP0A,2,2,,1,523.21,USD
10CW01R1,325/VII/17,20170710,G353329,D68681,BP0A,2,2,,1,523.21,USD
10CW01R1,325/VII/17,20170710,G353330,D68681,BP0A,2,2,,1,523.21,USD
10CY01R1,325/VII/17,20170710,G353387,D68681,BP0A,2,2,,1,523.21,USD
10CY01R1,325/VII/17,20170710,G353388,D68681,BP0A,2,2,,1,523.21,USD
10CY01R1,325/VII/17,20170710,G353389,D68681,BP0A,2,2,,1,523.21,USD
10FX00R1,325/VII/17,20170710,G350971,D68681,BP0A,2,2,,1,492.23,USD
10FX00R1,325/VII/17,20170710,G350972,D68681,BP0A,2,2,,1,492.23,USD
10KX00R1,325/VII/17,20170710,G350984,D68681,BP0A,2,2,,1,492.23,USD
10KX00R1,325/VII/17,20170710,G350985,D68681,BP0A,2,2,,1,492.23,USD
10KX00R1,325/VII/17,20170710,G350986,D68681,BP0A,2,2,,1,492.23,USD
10KX00R1,325/VII/17,20170710,G350987,D68681,BP0A,2,2,,1,492.23,USD
10KX00R1,325/VII/17,20170710,G350988,D68681,BP0A,2,2,,1,492.23,USD
10KX00R1,325/VII/17,20170710,G350989,D68681,BP0A,2,2,,1,492.23,USD
10KX00R1,325/VII/17,20170710,G350990,D68681,BP0A,2,2,,1,492.23,USD
10KX00R1,325/VII/17,20170710,G350991,D68681,BP0A,2,2,,1,492.23,USD
10KX00R1,325/VII/17,20170710,G350992,D68681,BP0A,2,2,,1,492.23,USD
10KX00R1,325/VII/17,20170710,G350993,D68681,BP0A,2,2,,1,492.23,USD
10KX00R1,325/VII/17,20170710,G350994,D68681,BP0A,2,2,,1,492.23,USD
10KX00R1,325/VII/17,20170710,G350995,D68681,BP0A,2,2,,1,492.23,USD
10KX00R1,325/VII/17,20170710,G350996,D68681,BP0A,2,2,,1,492.23,USD
10KX00R1,325/VII/17,20170710,G350997,D68681,BP0A,2,2,,1,492.23,USD
10KX00R1,325/VII/17,20170710,G350998,D68681,BP0A,2,2,,1,492.23,USD
10CM0197,326/VII/17,20170710,G350468,D68681,BP0A,2,2,,1,370.39,USD
10CM0197,326/VII/17,20170710,G350469,D68681,BP0A,2,2,,1,370.39,USD
10CM0197,326/VII/17,20170710,G350470,D68681,BP0A,2,2,,1,370.39,USD
10CM0197,326/VII/17,20170710,G350471,D68681,BP0A,2,2,,1,370.39,USD
10CM0197,326/VII/17,20170710,G350472,D68681,BP0A,2,2,,1,370.39,USD
10CM0197,326/VII/17,20170710,G350473,D68681,BP0A,2,2,,1,370.39,USD
10CM0197,326/VII/17,20170710,G350474,D68681,BP0A,2,2,,1,370.39,USD
10CM0197,326/VII/17,20170710,G350475,D68681,BP0A,2,2,,1,370.39,USD
10CM0197,326/VII/17,20170710,G350476,D68681,BP0A,2,2,,1,370.39,USD
10CM0197,326/VII/17,20170710,G350477,D68681,BP0A,2,2,,1,370.39,USD
10CM0197,326/VII/17,20170710,G350478,D68681,BP0A,2,2,,1,370.39,USD
10CM0197,326/VII/17,20170710,G350479,D68681,BP0A,2,2,,1,370.39,USD
10CM0197,326/VII/17,20170710,G350480,D68681,BP0A,2,2,,1,370.39,USD
10CM0197,326/VII/17,20170710,G350481,D68681,BP0A,2,2,,1,370.39,USD
10CM0197,326/VII/17,20170710,G350482,D68681,BP0A,2,2,,1,370.39,USD
10CM0197,326/VII/17,20170710,G350483,D68681,BP0A,2,2,,1,370.39,USD
10CM0197,326/VII/17,20170710,G350484,D68681,BP0A,2,2,,1,370.39,USD
10CM0197,326/VII/17,20170710,G350485,D68681,BP0A,2,2,,1,370.39,USD
10CM0197,326/VII/17,20170710,G350486,D68681,BP0A,2,2,,1,370.39,USD
10CM0197,326/VII/17,20170710,G350487,D68681,BP0A,2,2,,1,370.39,USD
10CN0197,326/VII/17,20170710,G350754,D68681,BP0A,2,2,,1,370.39,USD
10CN0197,326/VII/17,20170710,G350755,D68681,BP0A,2,2,,1,370.39,USD
10CN0197,326/VII/17,20170710,G350756,D68681,BP0A,2,2,,1,370.39,USD
10CN0197,326/VII/17,20170710,G350757,D68681,BP0A,2,2,,1,370.39,USD
10CN0197,326/VII/17,20170710,G350758,D68681,BP0A,2,2,,1,370.39,USD
10CN0197,326/VII/17,20170710,G350759,D68681,BP0A,2,2,,1,370.39,USD
10CN0197,326/VII/17,20170710,G348579,D68681,BP0A,2,2,,1,370.39,USD
10CN0197,326/VII/17,20170710,G348580,D68681,BP0A,2,2,,1,370.39,USD
10CN0197,326/VII/17,20170710,G348581,D68681,BP0A,2,2,,1,370.39,USD
10CN0197,326/VII/17,20170710,G348582,D68681,BP0A,2,2,,1,370.39,USD
10CN0197,326/VII/17,20170710,G348583,D68681,BP0A,2,2,,1,370.39,USD
10CN0197,326/VII/17,20170710,G348584,D68681,BP0A,2,2,,1,370.39,USD
10CN0197,326/VII/17,20170710,G348585,D68681,BP0A,2,2,,1,370.39,USD
10CN0197,326/VII/17,20170710,G348586,D68681,BP0A,2,2,,1,370.39,USD
10CN0197,326/VII/17,20170710,G348587,D68681,BP0A,2,2,,1,370.39,USD
10CN0197,326/VII/17,20170710,G348588,D68681,BP0A,2,2,,1,370.39,USD
10CN0197,326/VII/17,20170710,G348589,D68681,BP0A,2,2,,1,370.39,USD
10CN0197,326/VII/17,20170710,G348590,D68681,BP0A,2,2,,1,370.39,USD
10CN0197,326/VII/17,20170710,G348591,D68681,BP0A,2,2,,1,370.39,USD
10CN0197,326/VII/17,20170710,G348592,D68681,BP0A,2,2,,1,370.39,USD
10CN0197,326/VII/17,20170710,G348593,D68681,BP0A,2,2,,1,370.39,USD
10CN0197,326/VII/17,20170710,G348594,D68681,BP0A,2,2,,1,370.39,USD
10CN0197,326/VII/17,20170710,G348595,D68681,BP0A,2,2,,1,370.39,USD
10CN0197,326/VII/17,20170710,G348596,D68681,BP0A,2,2,,1,370.39,USD
10CN0197,326/VII/17,20170710,G348597,D68681,BP0A,2,2,,1,370.39,USD
10CN0197,326/VII/17,20170710,G348598,D68681,BP0A,2,2,,1,370.39,USD
10CN0197,326/VII/17,20170710,G348599,D68681,BP0A,2,2,,1,370.39,USD
10CN0197,326/VII/17,20170710,G348600,D68681,BP0A,2,2,,1,370.39,USD
10CN0197,326/VII/17,20170710,G348601,D68681,BP0A,2,2,,1,370.39,USD
10CR0197,326/VII/17,20170710,G350856,D68681,BP0A,2,2,,1,370.39,USD
10CR0197,326/VII/17,20170710,G350857,D68681,BP0A,2,2,,1,370.39,USD
10CR0197,326/VII/17,20170710,G350858,D68681,BP0A,2,2,,1,370.39,USD
10CR0197,326/VII/17,20170710,G350859,D68681,BP0A,2,2,,1,370.39,USD
10CR0197,326/VII/17,20170710,G350880,D68681,BP0A,2,2,,1,370.39,USD
10CR0197,326/VII/17,20170710,G350881,D68681,BP0A,2,2,,1,370.39,USD
10CR0197,326/VII/17,20170710,G350882,D68681,BP0A,2,2,,1,370.39,USD
10CR0197,326/VII/17,20170710,G350883,D68681,BP0A,2,2,,1,370.39,USD
10CR0197,326/VII/17,20170710,G350884,D68681,BP0A,2,2,,1,370.39,USD
10CR0197,326/VII/17,20170710,G350885,D68681,BP0A,2,2,,1,370.39,USD
10CR0197,326/VII/17,20170710,G350886,D68681,BP0A,2,2,,1,370.39,USD
10CR0197,326/VII/17,20170710,G350887,D68681,BP0A,2,2,,1,370.39,USD
10CR0197,326/VII/17,20170710,G350888,D68681,BP0A,2,2,,1,370.39,USD
10CR0197,326/VII/17,20170710,G350860,D68681,BP0A,2,2,,1,370.39,USD
10CR0197,326/VII/17,20170710,G350861,D68681,BP0A,2,2,,1,370.39,USD
10CR0197,326/VII/17,20170710,G350862,D68681,BP0A,2,2,,1,370.39,USD
10CR0197,326/VII/17,20170710,G350863,D68681,BP0A,2,2,,1,370.39,USD
10CR0197,326/VII/17,20170710,G350864,D68681,BP0A,2,2,,1,370.39,USD
10CR0197,326/VII/17,20170710,G350865,D68681,BP0A,2,2,,1,370.39,USD
10CR0197,326/VII/17,20170710,G350866,D68681,BP0A,2,2,,1,370.39,USD
10CR0197,326/VII/17,20170710,G350867,D68681,BP0A,2,2,,1,370.39,USD
10CR0197,326/VII/17,20170710,G350868,D68681,BP0A,2,2,,1,370.39,USD
10CR0197,326/VII/17,20170710,G350869,D68681,BP0A,2,2,,1,370.39,USD
10CR0197,326/VII/17,20170710,G350870,D68681,BP0A,2,2,,1,370.39,USD
10CR0197,326/VII/17,20170710,G350871,D68681,BP0A,2,2,,1,370.39,USD
10CR0197,326/VII/17,20170710,G350872,D68681,BP0A,2,2,,1,370.39,USD
10CR0197,326/VII/17,20170710,G350873,D68681,BP0A,2,2,,1,370.39,USD
10CR0197,326/VII/17,20170710,G350874,D68681,BP0A,2,2,,1,370.39,USD
10CR0197,326/VII/17,20170710,G350875,D68681,BP0A,2,2,,1,370.39,USD
10CR0197,326/VII/17,20170710,G350876,D68681,BP0A,2,2,,1,370.39,USD
10CR0197,326/VII/17,20170710,G350877,D68681,BP0A,2,2,,1,370.39,USD
10CR0197,326/VII/17,20170710,G350878,D68681,BP0A,2,2,,1,370.39,USD
10CR0197,326/VII/17,20170710,G350879,D68681,BP0A,2,2,,1,370.39,USD
10CV0197,326/VII/17,20170710,G350396,D68681,BP0A,2,2,,1,526.60,USD
10CV0197,326/VII/17,20170710,G350397,D68681,BP0A,2,2,,1,526.60,USD
10CV0197,326/VII/17,20170710,G350398,D68681,BP0A,2,2,,1,526.60,USD
10CV0197,326/VII/17,20170710,G350399,D68681,BP0A,2,2,,1,526.60,USD
10CV0197,326/VII/17,20170710,G350400,D68681,BP0A,2,2,,1,526.60,USD
10CV0197,326/VII/17,20170710,G350401,D68681,BP0A,2,2,,1,526.60,USD
10CV0197,326/VII/17,20170710,G350402,D68681,BP0A,2,2,,1,526.60,USD
10CV0197,326/VII/17,20170710,G350403,D68681,BP0A,2,2,,1,526.60,USD
10CV0197,326/VII/17,20170710,G350404,D68681,BP0A,2,2,,1,526.60,USD
10CV0197,326/VII/17,20170710,G350405,D68681,BP0A,2,2,,1,526.60,USD
10CV0197,326/VII/17,20170710,G350406,D68681,BP0A,2,2,,1,526.60,USD
10CV0197,326/VII/17,20170710,G350407,D68681,BP0A,2,2,,1,526.60,USD
10CV0197,326/VII/17,20170710,G350408,D68681,BP0A,2,2,,1,526.60,USD
10CV0197,326/VII/17,20170710,G350409,D68681,BP0A,2,2,,1,526.60,USD
10CV0197,326/VII/17,20170710,G350410,D68681,BP0A,2,2,,1,526.60,USD
10CV0197,326/VII/17,20170710,G350411,D68681,BP0A,2,2,,1,526.60,USD
10CV0197,326/VII/17,20170710,G350412,D68681,BP0A,2,2,,1,526.60,USD
10CV0197,326/VII/17,20170710,G350413,D68681,BP0A,2,2,,1,526.60,USD
10CV0197,326/VII/17,20170710,G350414,D68681,BP0A,2,2,,1,526.60,USD
10CV0197,326/VII/17,20170710,G350415,D68681,BP0A,2,2,,1,526.60,USD
10CV0197,326/VII/17,20170710,G350416,D68681,BP0A,2,2,,1,526.60,USD
10CV0197,326/VII/17,20170710,G350417,D68681,BP0A,2,2,,1,526.60,USD
10CV0197,326/VII/17,20170710,G350418,D68681,BP0A,2,2,,1,526.60,USD
10CV0197,326/VII/17,20170710,G350419,D68681,BP0A,2,2,,1,526.60,USD
10CV0197,326/VII/17,20170710,G350420,D68681,BP0A,2,2,,1,526.60,USD
10CV0197,326/VII/17,20170710,G350421,D68681,BP0A,2,2,,1,526.60,USD
10CV0197,326/VII/17,20170710,G350422,D68681,BP0A,2,2,,1,526.60,USD
10CV0197,326/VII/17,20170710,G350423,D68681,BP0A,2,2,,1,526.60,USD
10CV0197,326/VII/17,20170710,G350424,D68681,BP0A,2,2,,1,526.60,USD
10CV0197,326/VII/17,20170710,G350425,D68681,BP0A,2,2,,1,526.60,USD
10CV0197,326/VII/17,20170710,G350426,D68681,BP0A,2,2,,1,526.60,USD
10CV0197,326/VII/17,20170710,G350427,D68681,BP0A,2,2,,1,526.60,USD
10CV0197,326/VII/17,20170710,G350428,D68681,BP0A,2,2,,1,526.60,USD
10CV0197,326/VII/17,20170710,G350429,D68681,BP0A,2,2,,1,526.60,USD
10CV0197,327/VII/17,20170710,G350430,D68681,BP0A,2,2,,1,526.60,USD
10CV0197,327/VII/17,20170710,G350431,D68681,BP0A,2,2,,1,526.60,USD
10CV0197,327/VII/17,20170710,G350432,D68681,BP0A,2,2,,1,526.60,USD
10CV0197,327/VII/17,20170710,G350433,D68681,BP0A,2,2,,1,526.60,USD
10CV0197,327/VII/17,20170710,G350434,D68681,BP0A,2,2,,1,526.60,USD
10CV0197,327/VII/17,20170710,G350435,D68681,BP0A,2,2,,1,526.60,USD
10CV0197,327/VII/17,20170710,G350436,D68681,BP0A,2,2,,1,526.60,USD
10CV0197,327/VII/17,20170710,G350437,D68681,BP0A,2,2,,1,526.60,USD
10CW0197,327/VII/17,20170710,G353261,D68681,BP0A,2,2,,1,526.60,USD
10CW0197,327/VII/17,20170710,G353262,D68681,BP0A,2,2,,1,526.60,USD
10CW0197,327/VII/17,20170710,G349067,D68681,BP0A,2,2,,1,526.60,USD
10CW0197,327/VII/17,20170710,G349068,D68681,BP0A,2,2,,1,526.60,USD
10CW0197,327/VII/17,20170710,G349069,D68681,BP0A,2,2,,1,526.60,USD
10CW0197,327/VII/17,20170710,G349070,D68681,BP0A,2,2,,1,526.60,USD
10CW0197,327/VII/17,20170710,G349071,D68681,BP0A,2,2,,1,526.60,USD
10CW0197,327/VII/17,20170710,G349072,D68681,BP0A,2,2,,1,526.60,USD
10CW0197,327/VII/17,20170710,G349073,D68681,BP0A,2,2,,1,526.60,USD
10CW0197,327/VII/17,20170710,G349074,D68681,BP0A,2,2,,1,526.60,USD
10CW0197,327/VII/17,20170710,G349075,D68681,BP0A,2,2,,1,526.60,USD
10CW0197,327/VII/17,20170710,G349076,D68681,BP0A,2,2,,1,526.60,USD
10CW0197,327/VII/17,20170710,G349077,D68681,BP0A,2,2,,1,526.60,USD
10CW0197,327/VII/17,20170710,G349078,D68681,BP0A,2,2,,1,526.60,USD
10CW0197,327/VII/17,20170710,G349079,D68681,BP0A,2,2,,1,526.60,USD
10CW0197,327/VII/17,20170710,G349080,D68681,BP0A,2,2,,1,526.60,USD
10CW0197,327/VII/17,20170710,G349081,D68681,BP0A,2,2,,1,526.60,USD
10CW0197,327/VII/17,20170710,G349082,D68681,BP0A,2,2,,1,526.60,USD
10CW0197,327/VII/17,20170710,G349083,D68681,BP0A,2,2,,1,526.60,USD
10CW0197,327/VII/17,20170710,G349084,D68681,BP0A,2,2,,1,526.60,USD
10CW0197,327/VII/17,20170710,G349085,D68681,BP0A,2,2,,1,526.60,USD
10CW0197,327/VII/17,20170710,G349086,D68681,BP0A,2,2,,1,526.60,USD
10CY0197,327/VII/17,20170710,G346885,D68681,BP0A,2,2,,1,526.60,USD
10CY0197,327/VII/17,20170710,G346886,D68681,BP0A,2,2,,1,526.60,USD
10CY0197,327/VII/17,20170710,G346887,D68681,BP0A,2,2,,1,526.60,USD
10CY0197,327/VII/17,20170710,G346888,D68681,BP0A,2,2,,1,526.60,USD
10CY0197,327/VII/17,20170710,G346889,D68681,BP0A,2,2,,1,526.60,USD
10CY0197,327/VII/17,20170710,G346890,D68681,BP0A,2,2,,1,526.60,USD
10CY0197,327/VII/17,20170710,G346891,D68681,BP0A,2,2,,1,526.60,USD
10CY0197,327/VII/17,20170710,G346892,D68681,BP0A,2,2,,1,526.60,USD
10CY0197,327/VII/17,20170710,G346893,D68681,BP0A,2,2,,1,526.60,USD
10CY0197,327/VII/17,20170710,G346894,D68681,BP0A,2,2,,1,526.60,USD
10CY0197,327/VII/17,20170710,G349130,D68681,BP0A,2,2,,1,526.60,USD
10CY0197,327/VII/17,20170710,G349131,D68681,BP0A,2,2,,1,526.60,USD
10CY0197,327/VII/17,20170710,G349132,D68681,BP0A,2,2,,1,526.60,USD
10CY0197,327/VII/17,20170710,G349133,D68681,BP0A,2,2,,1,526.60,USD
10CY0197,327/VII/17,20170710,G349134,D68681,BP0A,2,2,,1,526.60,USD
10CY0197,327/VII/17,20170710,G349135,D68681,BP0A,2,2,,1,526.60,USD
10CY0197,327/VII/17,20170710,G349136,D68681,BP0A,2,2,,1,526.60,USD
10CY0197,327/VII/17,20170710,G349137,D68681,BP0A,2,2,,1,526.60,USD
10CY0197,327/VII/17,20170710,G349138,D68681,BP0A,2,2,,1,526.60,USD
10CY0197,327/VII/17,20170710,G349139,D68681,BP0A,2,2,,1,526.60,USD
10CY0197,327/VII/17,20170710,G349140,D68681,BP0A,2,2,,1,526.60,USD
10CY0197,327/VII/17,20170710,G349141,D68681,BP0A,2,2,,1,526.60,USD
10CY0197,327/VII/17,20170710,G349142,D68681,BP0A,2,2,,1,526.60,USD
10CY0197,327/VII/17,20170710,G349143,D68681,BP0A,2,2,,1,526.60,USD
10CY0197,327/VII/17,20170710,G349144,D68681,BP0A,2,2,,1,526.60,USD
10CY0197,327/VII/17,20170710,G349145,D68681,BP0A,2,2,,1,526.60,USD
10CY0197,327/VII/17,20170710,G349146,D68681,BP0A,2,2,,1,526.60,USD
10CY0197,327/VII/17,20170710,G349147,D68681,BP0A,2,2,,1,526.60,USD
10CY0197,327/VII/17,20170710,G349148,D68681,BP0A,2,2,,1,526.60,USD
10CY0197,327/VII/17,20170710,G349129,D68681,BP0A,2,2,,1,526.60,USD
10HX0097,327/VII/17,20170710,G351328,D68681,BP0A,2,2,,1,1565.15,USD
10HX0097,327/VII/17,20170710,G351329,D68681,BP0A,2,2,,1,1565.15,USD
10HX0097,327/VII/17,20170710,G351330,D68681,BP0A,2,2,,1,1565.15,USD
10HX0097,327/VII/17,20170710,G351331,D68681,BP0A,2,2,,1,1565.15,USD
10HX0097,327/VII/17,20170710,G351332,D68681,BP0A,2,2,,1,1565.15,USD
10HX0097,327/VII/17,20170710,G351333,D68681,BP0A,2,2,,1,1565.15,USD
10HX0097,327/VII/17,20170710,G351334,D68681,BP0A,2,2,,1,1565.15,USD
10HX0097,327/VII/17,20170710,G351335,D68681,BP0A,2,2,,1,1565.15,USD
10HX0097,327/VII/17,20170710,G351336,D68681,BP0A,2,2,,1,1565.15,USD
10HX0097,327/VII/17,20170710,G351337,D68681,BP0A,2,2,,1,1565.15,USD
10HX0097,327/VII/17,20170710,G351338,D68681,BP0A,2,2,,1,1565.15,USD
10HX0097,327/VII/17,20170710,G351339,D68681,BP0A,2,2,,1,1565.15,USD
10HX0097,327/VII/17,20170710,G351340,D68681,BP0A,2,2,,1,1565.15,USD
10HX0097,327/VII/17,20170710,G351341,D68681,BP0A,2,2,,1,1565.15,USD
10HX0097,327/VII/17,20170710,G351342,D68681,BP0A,2,2,,1,1565.15,USD
10HX0097,327/VII/17,20170710,G348004,D68681,BP0A,2,2,,1,1565.15,USD
10HX0097,327/VII/17,20170710,G348005,D68681,BP0A,2,2,,1,1565.15,USD
10HX0097,327/VII/17,20170710,G348006,D68681,BP0A,2,2,,1,1565.15,USD
10HX0097,327/VII/17,20170710,G348007,D68681,BP0A,2,2,,1,1565.15,USD
10HX0097,327/VII/17,20170710,G348008,D68681,BP0A,2,2,,1,1565.15,USD
100N0097,328/VII/17,20170710,G350086,D68681,BP0A,2,2,,1,319.56,USD
100N0097,328/VII/17,20170710,G350087,D68681,BP0A,2,2,,1,319.56,USD
100N0097,328/VII/17,20170710,G350088,D68681,BP0A,2,2,,1,319.56,USD
100N0097,328/VII/17,20170710,G350089,D68681,BP0A,2,2,,1,319.56,USD
100N0097,328/VII/17,20170710,G350090,D68681,BP0A,2,2,,1,319.56,USD
100N0097,328/VII/17,20170710,G350091,D68681,BP0A,2,2,,1,319.56,USD
100N0097,328/VII/17,20170710,G350092,D68681,BP0A,2,2,,1,319.56,USD
100N0097,328/VII/17,20170710,G350093,D68681,BP0A,2,2,,1,319.56,USD
100N0097,328/VII/17,20170710,G350094,D68681,BP0A,2,2,,1,319.56,USD
100N0097,328/VII/17,20170710,G350095,D68681,BP0A,2,2,,1,319.56,USD
100N0097,328/VII/17,20170710,G350096,D68681,BP0A,2,2,,1,319.56,USD
100N0097,328/VII/17,20170710,G350097,D68681,BP0A,2,2,,1,319.56,USD
100N0097,328/VII/17,20170710,G350098,D68681,BP0A,2,2,,1,319.56,USD
100N0097,328/VII/17,20170710,G350079,D68681,BP0A,2,2,,1,319.56,USD
100N0097,328/VII/17,20170710,G350080,D68681,BP0A,2,2,,1,319.56,USD
100N0097,328/VII/17,20170710,G350081,D68681,BP0A,2,2,,1,319.56,USD
100N0097,328/VII/17,20170710,G350082,D68681,BP0A,2,2,,1,319.56,USD
100N0097,328/VII/17,20170710,G350083,D68681,BP0A,2,2,,1,319.56,USD
100N0097,328/VII/17,20170710,G350084,D68681,BP0A,2,2,,1,319.56,USD
100N0097,328/VII/17,20170710,G350085,D68681,BP0A,2,2,,1,319.56,USD
106E0097,328/VII/17,20170710,G350918,D68681,BP0A,2,2,,1,348.74,USD
106E0097,328/VII/17,20170710,G350919,D68681,BP0A,2,2,,1,348.74,USD
106E0097,328/VII/17,20170710,G350920,D68681,BP0A,2,2,,1,348.74,USD
106E0097,328/VII/17,20170710,G350921,D68681,BP0A,2,2,,1,348.74,USD
106E0097,328/VII/17,20170710,G350922,D68681,BP0A,2,2,,1,348.74,USD
106E0097,328/VII/17,20170710,G350923,D68681,BP0A,2,2,,1,348.74,USD
106E0097,328/VII/17,20170710,G350924,D68681,BP0A,2,2,,1,348.74,USD
106E0097,328/VII/17,20170710,G350925,D68681,BP0A,2,2,,1,348.74,USD
106E0097,328/VII/17,20170710,G350926,D68681,BP0A,2,2,,1,348.74,USD
106E0097,328/VII/17,20170710,G350927,D68681,BP0A,2,2,,1,348.74,USD
106E0097,328/VII/17,20170710,G350928,D68681,BP0A,2,2,,1,348.74,USD
106E0097,328/VII/17,20170710,G350929,D68681,BP0A,2,2,,1,348.74,USD
106E0097,328/VII/17,20170710,G350930,D68681,BP0A,2,2,,1,348.74,USD
106E0097,328/VII/17,20170710,G350931,D68681,BP0A,2,2,,1,348.74,USD
106E0097,328/VII/17,20170710,G350932,D68681,BP0A,2,2,,1,348.74,USD
10CN0197,328/VII/17,20170710,G350760,D68681,BP0A,2,2,,1,370.39,USD
10CN0197,328/VII/17,20170710,G350761,D68681,BP0A,2,2,,1,370.39,USD
10CN0197,328/VII/17,20170710,G350762,D68681,BP0A,2,2,,1,370.39,USD
10CN0197,328/VII/17,20170710,G350763,D68681,BP0A,2,2,,1,370.39,USD
10CN0197,328/VII/17,20170710,G350764,D68681,BP0A,2,2,,1,370.39,USD
10CN0197,328/VII/17,20170710,G350765,D68681,BP0A,2,2,,1,370.39,USD
10CN0197,328/VII/17,20170710,G350766,D68681,BP0A,2,2,,1,370.39,USD
10CN0197,328/VII/17,20170710,G350767,D68681,BP0A,2,2,,1,370.39,USD
10CN0197,328/VII/17,20170710,G350768,D68681,BP0A,2,2,,1,370.39,USD
10CN0197,328/VII/17,20170710,G350769,D68681,BP0A,2,2,,1,370.39,USD
10CN0197,328/VII/17,20170710,G350770,D68681,BP0A,2,2,,1,370.39,USD
10CN0197,328/VII/17,20170710,G350771,D68681,BP0A,2,2,,1,370.39,USD
10CN0197,328/VII/17,20170710,G350772,D68681,BP0A,2,2,,1,370.39,USD
10CN0197,328/VII/17,20170710,G350773,D68681,BP0A,2,2,,1,370.39,USD
10CN0197,328/VII/17,20170710,G350774,D68681,BP0A,2,2,,1,370.39,USD
10CN0197,328/VII/17,20170710,G350775,D68681,BP0A,2,2,,1,370.39,USD
10CN0197,328/VII/17,20170710,G350776,D68681,BP0A,2,2,,1,370.39,USD
10CN0197,328/VII/17,20170710,G350777,D68681,BP0A,2,2,,1,370.39,USD
10FX0097,328/VII/17,20170710,G343627,D68681,BP0A,2,2,,1,482.34,USD
10FX0097,328/VII/17,20170710,G343628,D68681,BP0A,2,2,,1,482.34,USD
10FX0097,328/VII/17,20170710,G343629,D68681,BP0A,2,2,,1,482.34,USD
10FX0097,328/VII/17,20170710,G343630,D68681,BP0A,2,2,,1,482.34,USD
10FX0097,328/VII/17,20170710,G343631,D68681,BP0A,2,2,,1,482.34,USD
10FX0097,328/VII/17,20170710,G343632,D68681,BP0A,2,2,,1,482.34,USD
10FX0097,328/VII/17,20170710,G343633,D68681,BP0A,2,2,,1,482.34,USD
10FX0097,328/VII/17,20170710,G343634,D68681,BP0A,2,2,,1,482.34,USD
10FX0097,328/VII/17,20170710,G343635,D68681,BP0A,2,2,,1,482.34,USD
10FX0097,328/VII/17,20170710,G343636,D68681,BP0A,2,2,,1,482.34,USD
10HT0097,328/VII/17,20170710,G348743,D68681,BP0A,2,2,,1,1154.99,USD
10HT0097,328/VII/17,20170710,G348744,D68681,BP0A,2,2,,1,1154.99,USD
10HT0097,328/VII/17,20170710,G348745,D68681,BP0A,2,2,,1,1154.99,USD
10HT0097,328/VII/17,20170710,G348746,D68681,BP0A,2,2,,1,1154.99,USD
10HT0097,328/VII/17,20170710,G348747,D68681,BP0A,2,2,,1,1154.99,USD
10HT0097,328/VII/17,20170710,G348748,D68681,BP0A,2,2,,1,1154.99,USD
10HT0097,328/VII/17,20170710,G348749,D68681,BP0A,2,2,,1,1154.99,USD
10HT0097,328/VII/17,20170710,G351465,D68681,BP0A,2,2,,1,1154.99,USD
10HT0097,328/VII/17,20170710,G351466,D68681,BP0A,2,2,,1,1154.99,USD
10HT0097,328/VII/17,20170710,G351467,D68681,BP0A,2,2,,1,1154.99,USD
10HT0097,328/VII/17,20170710,G351468,D68681,BP0A,2,2,,1,1154.99,USD
10HT0097,328/VII/17,20170710,G351469,D68681,BP0A,2,2,,1,1154.99,USD
10HT0097,328/VII/17,20170710,G351470,D68681,BP0A,2,2,,1,1154.99,USD
10HT0097,328/VII/17,20170710,G351471,D68681,BP0A,2,2,,1,1154.99,USD
10HT0097,328/VII/17,20170710,G351472,D68681,BP0A,2,2,,1,1154.99,USD
10HT0097,328/VII/17,20170710,G351473,D68681,BP0A,2,2,,1,1154.99,USD
10HT0097,328/VII/17,20170710,G351474,D68681,BP0A,2,2,,1,1154.99,USD
10HT0097,328/VII/17,20170710,G351475,D68681,BP0A,2,2,,1,1154.99,USD
10HT0097,328/VII/17,20170710,G351476,D68681,BP0A,2,2,,1,1154.99,USD
10HT0097,328/VII/17,20170710,G351477,D68681,BP0A,2,2,,1,1154.99,USD
10KX0097,328/VII/17,20170710,G349445,D68681,BP0A,2,2,,1,482.34,USD
10KX0097,328/VII/17,20170710,G349446,D68681,BP0A,2,2,,1,482.34,USD
10KX0097,328/VII/17,20170710,G349447,D68681,BP0A,2,2,,1,482.34,USD
10KX0097,328/VII/17,20170710,G349448,D68681,BP0A,2,2,,1,482.34,USD
10KX0097,328/VII/17,20170710,G349449,D68681,BP0A,2,2,,1,482.34,USD
10KX0097,328/VII/17,20170710,G349450,D68681,BP0A,2,2,,1,482.34,USD
10KX0097,328/VII/17,20170710,G349451,D68681,BP0A,2,2,,1,482.34,USD
10KX0097,328/VII/17,20170710,G349452,D68681,BP0A,2,2,,1,482.34,USD
10KX0097,328/VII/17,20170710,G349453,D68681,BP0A,2,2,,1,482.34,USD
10KX0097,328/VII/17,20170710,G349454,D68681,BP0A,2,2,,1,482.34,USD
10KX0097,328/VII/17,20170710,G349455,D68681,BP0A,2,2,,1,482.34,USD
10KX0097,328/VII/17,20170710,G349456,D68681,BP0A,2,2,,1,482.34,USD
10KX0097,328/VII/17,20170710,G349457,D68681,BP0A,2,2,,1,482.34,USD
10KX0097,328/VII/17,20170710,G349458,D68681,BP0A,2,2,,1,482.34,USD
10KX0097,328/VII/17,20170710,G349459,D68681,BP0A,2,2,,1,482.34,USD
10KX0097,328/VII/17,20170710,G349460,D68681,BP0A,2,2,,1,482.34,USD
10KX0097,328/VII/17,20170710,G349461,D68681,BP0A,2,2,,1,482.34,USD
10KX0097,328/VII/17,20170710,G349462,D68681,BP0A,2,2,,1,482.34,USD
10KX0097,328/VII/17,20170710,G349463,D68681,BP0A,2,2,,1,482.34,USD
10KX0097,328/VII/17,20170710,G349464,D68681,BP0A,2,2,,1,482.34,USD
10KX0097,328/VII/17,20170710,G349465,D68681,BP0A,2,2,,1,482.34,USD
10KX0097,328/VII/17,20170710,G349466,D68681,BP0A,2,2,,1,482.34,USD
10KX0097,328/VII/17,20170710,G349467,D68681,BP0A,2,2,,1,482.34,USD
10KX0097,328/VII/17,20170710,G349468,D68681,BP0A,2,2,,1,482.34,USD
10TY0097,328/VII/17,20170710,G348814,D68681,BP0A,2,2,,1,787.97,USD
10TY0097,328/VII/17,20170710,G348815,D68681,BP0A,2,2,,1,787.97,USD
10TY0097,328/VII/17,20170710,G348816,D68681,BP0A,2,2,,1,787.97,USD
10TY0097,328/VII/17,20170710,G348817,D68681,BP0A,2,2,,1,787.97,USD
45034197,328/VII/17,20170710,G345979,D68681,BP0A,2,2,,1,563.62,USD
45034197,328/VII/17,20170710,G345980,D68681,BP0A,2,2,,1,563.62,USD
45034197,328/VII/17,20170710,G345981,D68681,BP0A,2,2,,1,563.62,USD
45034197,328/VII/17,20170710,G345982,D68681,BP0A,2,2,,1,563.62,USD
45034197,328/VII/17,20170710,G345983,D68681,BP0A,2,2,,1,563.62,USD
45034197,328/VII/17,20170710,G350373,D68681,BP0A,2,2,,1,563.62,USD
45034197,328/VII/17,20170710,G350374,D68681,BP0A,2,2,,1,563.62,USD
100N0097,329/VII/17,20170710,G350099,D68681,BP0A,2,2,,1,319.56,USD
100N0097,329/VII/17,20170710,G350100,D68681,BP0A,2,2,,1,319.56,USD
100N0097,329/VII/17,20170710,G350101,D68681,BP0A,2,2,,1,319.56,USD
100N0097,329/VII/17,20170710,G350102,D68681,BP0A,2,2,,1,319.56,USD
100N0097,329/VII/17,20170710,G350103,D68681,BP0A,2,2,,1,319.56,USD
104A0097,329/VII/17,20170710,G352351,D68681,BP0A,2,2,,1,319.56,USD
104A0097,329/VII/17,20170710,G352352,D68681,BP0A,2,2,,1,319.56,USD
104A0097,329/VII/17,20170710,G352353,D68681,BP0A,2,2,,1,319.56,USD
104A0097,329/VII/17,20170710,G352354,D68681,BP0A,2,2,,1,319.56,USD
104A0097,329/VII/17,20170710,G352355,D68681,BP0A,2,2,,1,319.56,USD
104A0097,329/VII/17,20170710,G352356,D68681,BP0A,2,2,,1,319.56,USD
104A0097,329/VII/17,20170710,G352357,D68681,BP0A,2,2,,1,319.56,USD
104A0097,329/VII/17,20170710,G352358,D68681,BP0A,2,2,,1,319.56,USD
104A0097,329/VII/17,20170710,G352359,D68681,BP0A,2,2,,1,319.56,USD
104A0097,329/VII/17,20170710,G352360,D68681,BP0A,2,2,,1,319.56,USD
104A0097,329/VII/17,20170710,G352361,D68681,BP0A,2,2,,1,319.56,USD
104A0097,329/VII/17,20170710,G352362,D68681,BP0A,2,2,,1,319.56,USD
104A0097,329/VII/17,20170710,G352363,D68681,BP0A,2,2,,1,319.56,USD
104A0097,329/VII/17,20170710,G352364,D68681,BP0A,2,2,,1,319.56,USD
104A0097,329/VII/17,20170710,G352365,D68681,BP0A,2,2,,1,319.56,USD
104A0097,329/VII/17,20170710,G352366,D68681,BP0A,2,2,,1,319.56,USD
104A0097,329/VII/17,20170710,G352367,D68681,BP0A,2,2,,1,319.56,USD
104A0097,329/VII/17,20170710,G352348,D68681,BP0A,2,2,,1,319.56,USD
104A0097,329/VII/17,20170710,G352349,D68681,BP0A,2,2,,1,319.56,USD
104A0097,329/VII/17,20170710,G352350,D68681,BP0A,2,2,,1,319.56,USD
10JA0097,329/VII/17,20170710,G351878,D68681,BP0A,2,2,,1,312.22,USD
10JA0097,329/VII/17,20170710,G351879,D68681,BP0A,2,2,,1,312.22,USD
10JA0097,329/VII/17,20170710,G351880,D68681,BP0A,2,2,,1,312.22,USD
10JA0097,329/VII/17,20170710,G351881,D68681,BP0A,2,2,,1,312.22,USD
10JA0097,329/VII/17,20170710,G351882,D68681,BP0A,2,2,,1,312.22,USD
10JA0097,329/VII/17,20170710,G351883,D68681,BP0A,2,2,,1,312.22,USD
10JA0097,329/VII/17,20170710,G351884,D68681,BP0A,2,2,,1,312.22,USD
10JA0097,329/VII/17,20170710,G351885,D68681,BP0A,2,2,,1,312.22,USD
10JA0097,329/VII/17,20170710,G351886,D68681,BP0A,2,2,,1,312.22,USD
10JA0097,329/VII/17,20170710,G351887,D68681,BP0A,2,2,,1,312.22,USD
10JA0097,329/VII/17,20170710,G351843,D68681,BP0A,2,2,,1,312.22,USD
10JA0097,329/VII/17,20170710,G351844,D68681,BP0A,2,2,,1,312.22,USD
10JA0097,329/VII/17,20170710,G351845,D68681,BP0A,2,2,,1,312.22,USD
10JA0097,329/VII/17,20170710,G351846,D68681,BP0A,2,2,,1,312.22,USD
10JA0097,329/VII/17,20170710,G351847,D68681,BP0A,2,2,,1,312.22,USD
10JA0097,329/VII/17,20170710,G351848,D68681,BP0A,2,2,,1,312.22,USD
10JA0097,329/VII/17,20170710,G351849,D68681,BP0A,2,2,,1,312.22,USD
10JA0097,329/VII/17,20170710,G351850,D68681,BP0A,2,2,,1,312.22,USD
10JA0097,329/VII/17,20170710,G351851,D68681,BP0A,2,2,,1,312.22,USD
10JA0097,329/VII/17,20170710,G351852,D68681,BP0A,2,2,,1,312.22,USD
10JA0097,329/VII/17,20170710,G351853,D68681,BP0A,2,2,,1,312.22,USD
10JA0097,329/VII/17,20170710,G351854,D68681,BP0A,2,2,,1,312.22,USD
10JA0097,329/VII/17,20170710,G351855,D68681,BP0A,2,2,,1,312.22,USD
10JA0097,329/VII/17,20170710,G351856,D68681,BP0A,2,2,,1,312.22,USD
10JA0097,329/VII/17,20170710,G351857,D68681,BP0A,2,2,,1,312.22,USD
10JA0097,329/VII/17,20170710,G351858,D68681,BP0A,2,2,,1,312.22,USD
10JA0097,329/VII/17,20170710,G351859,D68681,BP0A,2,2,,1,312.22,USD
10JA0097,329/VII/17,20170710,G351860,D68681,BP0A,2,2,,1,312.22,USD
10JA0097,329/VII/17,20170710,G351861,D68681,BP0A,2,2,,1,312.22,USD
10JA0097,329/VII/17,20170710,G351862,D68681,BP0A,2,2,,1,312.22,USD
10JA0097,329/VII/17,20170710,G351863,D68681,BP0A,2,2,,1,312.22,USD
10JA0097,329/VII/17,20170710,G351864,D68681,BP0A,2,2,,1,312.22,USD
10JA0097,329/VII/17,20170710,G351865,D68681,BP0A,2,2,,1,312.22,USD
10JA0097,329/VII/17,20170710,G351866,D68681,BP0A,2,2,,1,312.22,USD
10JA0097,329/VII/17,20170710,G351867,D68681,BP0A,2,2,,1,312.22,USD
10JA0097,329/VII/17,20170710,G351868,D68681,BP0A,2,2,,1,312.22,USD
10JA0097,329/VII/17,20170710,G351869,D68681,BP0A,2,2,,1,312.22,USD
10JA0097,329/VII/17,20170710,G351870,D68681,BP0A,2,2,,1,312.22,USD
10JA0097,329/VII/17,20170710,G351871,D68681,BP0A,2,2,,1,312.22,USD
10JA0097,329/VII/17,20170710,G351872,D68681,BP0A,2,2,,1,312.22,USD
10JA0097,329/VII/17,20170710,G351873,D68681,BP0A,2,2,,1,312.22,USD
10JA0097,329/VII/17,20170710,G351874,D68681,BP0A,2,2,,1,312.22,USD
10JA0097,329/VII/17,20170710,G351875,D68681,BP0A,2,2,,1,312.22,USD
10JA0097,329/VII/17,20170710,G351876,D68681,BP0A,2,2,,1,312.22,USD
10JA0097,329/VII/17,20170710,G351877,D68681,BP0A,2,2,,1,312.22,USD
10RT0097,329/VII/17,20170710,G351793,D68681,BP0A,2,2,,1,312.22,USD
10RT0097,329/VII/17,20170710,G351794,D68681,BP0A,2,2,,1,312.22,USD
10RT0097,329/VII/17,20170710,G351795,D68681,BP0A,2,2,,1,312.22,USD
10RT0097,329/VII/17,20170710,G351796,D68681,BP0A,2,2,,1,312.22,USD
10RT0097,329/VII/17,20170710,G351797,D68681,BP0A,2,2,,1,312.22,USD
10RT0097,329/VII/17,20170710,G351798,D68681,BP0A,2,2,,1,312.22,USD
10RT0097,329/VII/17,20170710,G351799,D68681,BP0A,2,2,,1,312.22,USD
10RT0097,329/VII/17,20170710,G351800,D68681,BP0A,2,2,,1,312.22,USD
10RT0097,329/VII/17,20170710,G351801,D68681,BP0A,2,2,,1,312.22,USD
10RT0097,329/VII/17,20170710,G351802,D68681,BP0A,2,2,,1,312.22,USD
10RT0097,329/VII/17,20170710,G351803,D68681,BP0A,2,2,,1,312.22,USD
10RT0097,329/VII/17,20170710,G351804,D68681,BP0A,2,2,,1,312.22,USD
10RT0097,329/VII/17,20170710,G351805,D68681,BP0A,2,2,,1,312.22,USD
10RT0097,329/VII/17,20170710,G351806,D68681,BP0A,2,2,,1,312.22,USD
10RT0097,329/VII/17,20170710,G351807,D68681,BP0A,2,2,,1,312.22,USD
10RT0097,329/VII/17,20170710,G351808,D68681,BP0A,2,2,,1,312.22,USD
10RT0097,329/VII/17,20170710,G351809,D68681,BP0A,2,2,,1,312.22,USD
10RT0097,329/VII/17,20170710,G351810,D68681,BP0A,2,2,,1,312.22,USD
10RT0097,329/VII/17,20170710,G351811,D68681,BP0A,2,2,,1,312.22,USD
10RT0097,329/VII/17,20170710,G351812,D68681,BP0A,2,2,,1,312.22,USD
10RT0097,329/VII/17,20170710,G351813,D68681,BP0A,2,2,,1,312.22,USD
10RT0097,329/VII/17,20170710,G351814,D68681,BP0A,2,2,,1,312.22,USD
10RT0097,329/VII/17,20170710,G351815,D68681,BP0A,2,2,,1,312.22,USD
10RT0097,329/VII/17,20170710,G351816,D68681,BP0A,2,2,,1,312.22,USD
10RT0097,329/VII/17,20170710,G351817,D68681,BP0A,2,2,,1,312.22,USD
10RT0097,329/VII/17,20170710,G351818,D68681,BP0A,2,2,,1,312.22,USD
10RT0097,329/VII/17,20170710,G351819,D68681,BP0A,2,2,,1,312.22,USD
10RT0097,329/VII/17,20170710,G351820,D68681,BP0A,2,2,,1,312.22,USD
10RT0097,329/VII/17,20170710,G351821,D68681,BP0A,2,2,,1,312.22,USD
10RT0097,329/VII/17,20170710,G351822,D68681,BP0A,2,2,,1,312.22,USD
10RT0097,329/VII/17,20170710,G351823,D68681,BP0A,2,2,,1,312.22,USD
10RT0097,329/VII/17,20170710,G351824,D68681,BP0A,2,2,,1,312.22,USD
10RT0097,329/VII/17,20170710,G351825,D68681,BP0A,2,2,,1,312.22,USD
10RT0097,329/VII/17,20170710,G351826,D68681,BP0A,2,2,,1,312.22,USD
10RT0097,329/VII/17,20170710,G351827,D68681,BP0A,2,2,,1,312.22,USD
10RT0097,329/VII/17,20170710,G351828,D68681,BP0A,2,2,,1,312.22,USD
10RT0097,329/VII/17,20170710,G351829,D68681,BP0A,2,2,,1,312.22,USD
10RT0097,329/VII/17,20170710,G351830,D68681,BP0A,2,2,,1,312.22,USD
10RT0097,329/VII/17,20170710,G351831,D68681,BP0A,2,2,,1,312.22,USD
10RT0097,329/VII/17,20170710,G351832,D68681,BP0A,2,2,,1,312.22,USD
10RT0097,329/VII/17,20170710,G351833,D68681,BP0A,2,2,,1,312.22,USD
10RT0097,329/VII/17,20170710,G351834,D68681,BP0A,2,2,,1,312.22,USD
10RT0097,329/VII/17,20170710,G351835,D68681,BP0A,2,2,,1,312.22,USD
10RT0097,329/VII/17,20170710,G351836,D68681,BP0A,2,2,,1,312.22,USD
10RT0097,329/VII/17,20170710,G351837,D68681,BP0A,2,2,,1,312.22,USD
10RT0097,329/VII/17,20170710,G351838,D68681,BP0A,2,2,,1,312.22,USD
10RT0097,329/VII/17,20170710,G351839,D68681,BP0A,2,2,,1,312.22,USD
10RT0097,329/VII/17,20170710,G351840,D68681,BP0A,2,2,,1,312.22,USD
10RT0097,329/VII/17,20170710,G351841,D68681,BP0A,2,2,,1,312.22,USD
10RT0097,329/VII/17,20170710,G351842,D68681,BP0A,2,2,,1,312.22,USD
NV10D,334/VII/17,20170710,,D68681,BP0A,2,2,1,1,3632.17,USD
100N00E9,331/VII/17,20170712,G351943,D68681,BP0A,2,2,,1,340.81,USD
100N00E9,331/VII/17,20170712,G351944,D68681,BP0A,2,2,,1,340.81,USD
100N00E9,331/VII/17,20170712,G351945,D68681,BP0A,2,2,,1,340.81,USD
100N00E9,331/VII/17,20170712,G351946,D68681,BP0A,2,2,,1,340.81,USD
100N00E9,331/VII/17,20170712,G351947,D68681,BP0A,2,2,,1,340.81,USD
100N00E9,331/VII/17,20170712,G351948,D68681,BP0A,2,2,,1,340.81,USD
100N00E9,331/VII/17,20170712,G351949,D68681,BP0A,2,2,,1,340.81,USD
100N00E9,331/VII/17,20170712,G351950,D68681,BP0A,2,2,,1,340.81,USD
100N00E9,331/VII/17,20170712,G351951,D68681,BP0A,2,2,,1,340.81,USD
100N00E9,331/VII/17,20170712,G351952,D68681,BP0A,2,2,,1,340.81,USD
100N00E9,331/VII/17,20170712,G351953,D68681,BP0A,2,2,,1,340.81,USD
100N00E9,331/VII/17,20170712,G351954,D68681,BP0A,2,2,,1,340.81,USD
100N00E9,331/VII/17,20170712,G351955,D68681,BP0A,2,2,,1,340.81,USD
100N00E9,331/VII/17,20170712,G351956,D68681,BP0A,2,2,,1,340.81,USD
100N00E9,331/VII/17,20170712,G351957,D68681,BP0A,2,2,,1,340.81,USD
100N00E9,331/VII/17,20170712,G351958,D68681,BP0A,2,2,,1,340.81,USD
100N00E9,331/VII/17,20170712,G351959,D68681,BP0A,2,2,,1,340.81,USD
100N00E9,331/VII/17,20170712,G351960,D68681,BP0A,2,2,,1,340.81,USD
100N00E9,331/VII/17,20170712,G351961,D68681,BP0A,2,2,,1,340.81,USD
100N00E9,331/VII/17,20170712,G351962,D68681,BP0A,2,2,,1,340.81,USD
100N00E9,331/VII/17,20170712,G351963,D68681,BP0A,2,2,,1,340.81,USD
100N00E9,331/VII/17,20170712,G351964,D68681,BP0A,2,2,,1,340.81,USD
100N00E9,331/VII/17,20170712,G351965,D68681,BP0A,2,2,,1,340.81,USD
100N00E9,331/VII/17,20170712,G351966,D68681,BP0A,2,2,,1,340.81,USD
100N00E9,331/VII/17,20170712,G351967,D68681,BP0A,2,2,,1,340.81,USD
100N00E9,331/VII/17,20170712,G351968,D68681,BP0A,2,2,,1,340.81,USD
100N00E9,331/VII/17,20170712,G351969,D68681,BP0A,2,2,,1,340.81,USD
100N00E9,331/VII/17,20170712,G351970,D68681,BP0A,2,2,,1,340.81,USD
100N00E9,331/VII/17,20170712,G351971,D68681,BP0A,2,2,,1,340.81,USD
100N00E9,331/VII/17,20170712,G351972,D68681,BP0A,2,2,,1,340.81,USD
100N00E9,331/VII/17,20170712,G351973,D68681,BP0A,2,2,,1,340.81,USD
100N00E9,331/VII/17,20170712,G351974,D68681,BP0A,2,2,,1,340.81,USD
100N00E9,331/VII/17,20170712,G351975,D68681,BP0A,2,2,,1,340.81,USD
100N00E9,331/VII/17,20170712,G351976,D68681,BP0A,2,2,,1,340.81,USD
100N00E9,331/VII/17,20170712,G351977,D68681,BP0A,2,2,,1,340.81,USD
106A00N6,331/VII/17,20170712,G350943,D68681,BP0A,2,2,,1,371.93,USD
107M00E9,331/VII/17,20170712,G351431,D68681,BP0A,2,2,,1,639.51,USD
107M00E9,331/VII/17,20170712,G351432,D68681,BP0A,2,2,,1,639.51,USD
107M00E9,331/VII/17,20170712,G351433,D68681,BP0A,2,2,,1,639.51,USD
107M00E9,331/VII/17,20170712,G351434,D68681,BP0A,2,2,,1,639.51,USD
107M00E9,331/VII/17,20170712,G351435,D68681,BP0A,2,2,,1,639.51,USD
10CM01E9,331/VII/17,20170712,G350449,D68681,BP0A,2,2,,1,393.17,USD
10CM01E9,331/VII/17,20170712,G350450,D68681,BP0A,2,2,,1,393.17,USD
10CM01E9,331/VII/17,20170712,G350451,D68681,BP0A,2,2,,1,393.17,USD
10CM01E9,331/VII/17,20170712,G350452,D68681,BP0A,2,2,,1,393.17,USD
10CM01E9,331/VII/17,20170712,G350453,D68681,BP0A,2,2,,1,393.17,USD
10CM01E9,331/VII/17,20170712,G350454,D68681,BP0A,2,2,,1,393.17,USD
10CM01E9,331/VII/17,20170712,G350455,D68681,BP0A,2,2,,1,393.17,USD
10CM01E9,331/VII/17,20170712,G350456,D68681,BP0A,2,2,,1,393.17,USD
10CM01E9,331/VII/17,20170712,G350457,D68681,BP0A,2,2,,1,393.17,USD
10CM01E9,331/VII/17,20170712,G350458,D68681,BP0A,2,2,,1,393.17,USD
10CM01E9,331/VII/17,20170712,G350459,D68681,BP0A,2,2,,1,393.17,USD
10CM01E9,331/VII/17,20170712,G350460,D68681,BP0A,2,2,,1,393.17,USD
10CM01E9,331/VII/17,20170712,G350461,D68681,BP0A,2,2,,1,393.17,USD
10CM01E9,331/VII/17,20170712,G350462,D68681,BP0A,2,2,,1,393.17,USD
10CM01E9,331/VII/17,20170712,G350463,D68681,BP0A,2,2,,1,393.17,USD
10CM01E9,331/VII/17,20170712,G350464,D68681,BP0A,2,2,,1,393.17,USD
10CM01E9,331/VII/17,20170712,G350465,D68681,BP0A,2,2,,1,393.17,USD
10CM01E9,331/VII/17,20170712,G350466,D68681,BP0A,2,2,,1,393.17,USD
10CM01E9,331/VII/17,20170712,G350467,D68681,BP0A,2,2,,1,393.17,USD
10CM01E9,331/VII/17,20170712,,D68681,BP0A,2,2,1,3,1179.51,USD
10CM01E9,331/VII/17,20170712,G353536,D68681,BP0A,2,2,,1,393.17,USD
10CM01E9,331/VII/17,20170712,G353537,D68681,BP0A,2,2,,1,393.17,USD
10CM01E9,331/VII/17,20170712,G353538,D68681,BP0A,2,2,,1,393.17,USD
10CM01E9,331/VII/17,20170712,G353539,D68681,BP0A,2,2,,1,393.17,USD
10CN01E9,331/VII/17,20170712,,D68681,BP0A,2,2,1,5,1965.85,USD
10CN01E9,331/VII/17,20170712,G350725,D68681,BP0A,2,2,,1,393.17,USD
10CN01E9,331/VII/17,20170712,G350726,D68681,BP0A,2,2,,1,393.17,USD
10CN01E9,331/VII/17,20170712,G350710,D68681,BP0A,2,2,,1,393.17,USD
10CN01E9,331/VII/17,20170712,G350711,D68681,BP0A,2,2,,1,393.17,USD
10CN01E9,331/VII/17,20170712,G350712,D68681,BP0A,2,2,,1,393.17,USD
10CN01E9,331/VII/17,20170712,G350713,D68681,BP0A,2,2,,1,393.17,USD
10CN01E9,331/VII/17,20170712,G350714,D68681,BP0A,2,2,,1,393.17,USD
10CN01E9,331/VII/17,20170712,G350715,D68681,BP0A,2,2,,1,393.17,USD
10CN01E9,331/VII/17,20170712,G350716,D68681,BP0A,2,2,,1,393.17,USD
10CN01E9,331/VII/17,20170712,G350717,D68681,BP0A,2,2,,1,393.17,USD
10CN01E9,331/VII/17,20170712,G350718,D68681,BP0A,2,2,,1,393.17,USD
10CN01E9,331/VII/17,20170712,G350719,D68681,BP0A,2,2,,1,393.17,USD
10CN01E9,331/VII/17,20170712,G350720,D68681,BP0A,2,2,,1,393.17,USD
10CN01E9,331/VII/17,20170712,G350721,D68681,BP0A,2,2,,1,393.17,USD
10CN01E9,331/VII/17,20170712,G350722,D68681,BP0A,2,2,,1,393.17,USD
10CN01E9,331/VII/17,20170712,G350723,D68681,BP0A,2,2,,1,393.17,USD
10CN01E9,331/VII/17,20170712,G350724,D68681,BP0A,2,2,,1,393.17,USD
10CY01E9,331/VII/17,20170712,G353343,D68681,BP0A,2,2,,1,561.71,USD
10CY01E9,331/VII/17,20170712,G353344,D68681,BP0A,2,2,,1,561.71,USD
10CY01E9,331/VII/17,20170712,G353345,D68681,BP0A,2,2,,1,561.71,USD
10FX00N6,331/VII/17,20170712,G350953,D68681,BP0A,2,2,,1,486.79,USD
10FX00N6,331/VII/17,20170712,,D68681,BP0A,2,2,1,3,1460.37,USD
10HX00E9,331/VII/17,20170712,G351396,D68681,BP0A,2,2,,1,1605.36,USD
10HX00E9,331/VII/17,20170712,G351397,D68681,BP0A,2,2,,1,1605.36,USD
10HX00E9,331/VII/17,20170712,G351398,D68681,BP0A,2,2,,1,1605.36,USD
183618,331/VII/17,20170712,,D68681,BP0A,2,2,1,8,497.28,USD
183623,331/VII/17,20170712,,D68681,BP0A,2,2,1,3,159.12,USD
183623,331/VII/17,20170712,,D68681,BP0A,2,2,1,5,265.20,USD
14-238688,331B/VII/17,20170712,,D68681,BP0A,2,2,1,10,253.80,USD
14-809171,331B/VII/17,20170712,,D68681,BP0A,2,2,1,50,99.50,USD
14-814004,331B/VII/17,20170712,,D68681,BP0A,2,2,1,4,3.00,USD
14-814458,331B/VII/17,20170712,,D68681,BP0A,2,2,1,2,37.68,USD
14-814660,331B/VII/17,20170712,,D68681,BP0A,2,2,1,20,5.80,USD
14-816659,331B/VII/17,20170712,,D68681,BP0A,2,2,1,1,3.00,USD
14-816660,331B/VII/17,20170712,,D68681,BP0A,2,2,1,1,3.00,USD
14-816661,331B/VII/17,20170712,,D68681,BP0A,2,2,1,1,3.00,USD
14-816662,331B/VII/17,20170712,,D68681,BP0A,2,2,1,1,3.00,USD
14-816663,331B/VII/17,20170712,,D68681,BP0A,2,2,1,1,3.00,USD
14-816664,331B/VII/17,20170712,,D68681,BP0A,2,2,1,1,3.00,USD
14-816665,331B/VII/17,20170712,,D68681,BP0A,2,2,1,1,3.00,USD
14-816666,331B/VII/17,20170712,,D68681,BP0A,2,2,1,1,3.00,USD
14-816667,331B/VII/17,20170712,,D68681,BP0A,2,2,1,1,3.00,USD
14-816671,331B/VII/17,20170712,,D68681,BP0A,2,2,1,2,3.00,USD
14-817845,331B/VII/17,20170712,,D68681,BP0A,2,2,1,4,17.48,USD
14-818102,331B/VII/17,20170712,,D68681,BP0A,2,2,1,2,9.76,USD
14-951603,331B/VII/17,20170712,,D68681,BP0A,2,2,1,20,203.80,USD
14-951603,331B/VII/17,20170712,,D68681,BP0A,2,2,1,20,203.80,USD
816728A,331B/VII/17,20170712,,D68681,BP0A,2,2,1,12,5.64,USD
816728B,331B/VII/17,20170712,,D68681,BP0A,2,2,1,2,0.92,USD
816728C,331B/VII/17,20170712,,D68681,BP0A,2,2,1,2,0.92,USD
100N0071,335/VII/17,20170713,G350047,D68681,BP0A,2,2,,1,338.90,USD
100N0071,335/VII/17,20170713,G350048,D68681,BP0A,2,2,,1,338.90,USD
100N0071,335/VII/17,20170713,G350049,D68681,BP0A,2,2,,1,338.90,USD
100N0071,335/VII/17,20170713,G350050,D68681,BP0A,2,2,,1,338.90,USD
100N0071,335/VII/17,20170713,G350051,D68681,BP0A,2,2,,1,338.90,USD
100N0071,335/VII/17,20170713,G350052,D68681,BP0A,2,2,,1,338.90,USD
10CV0171,335/VII/17,20170713,G348975,D68681,BP0A,2,2,,1,559.83,USD
10CW0197,335/VII/17,20170713,G349065,D68681,BP0A,2,2,,1,526.60,USD
10CW0197,335/VII/17,20170713,G349066,D68681,BP0A,2,2,,1,526.60,USD
10KX0097,335/VII/17,20170713,G349444,D68681,BP0A,2,2,,1,482.34,USD
10T10071,335/VII/17,20170713,,D68681,BP0A,2,2,1,1,812.12,USD
10T40097,335/VII/17,20170713,G346520,D68681,BP0A,2,2,,1,787.97,USD
14-713698,335B/VII/17,20170713,,D68681,BP0A,2,2,1,5,23.10,USD
14-816468,335B/VII/17,20170713,,D68681,BP0A,2,2,1,2,97.20,USD
14-816628,335B/VII/17,20170713,,D68681,BP0A,2,2,1,1,53.00,USD
14-817093,335B/VII/17,20170713,,D68681,BP0A,2,2,1,1,38.21,USD
100N00F3,332/VII/17,20170712,G351917,D68681,BP0A,2,2,,1,341.26,USD
100N00F3,332/VII/17,20170712,G351888,D68681,BP0A,2,2,,1,341.26,USD
100N00F3,332/VII/17,20170712,G351889,D68681,BP0A,2,2,,1,341.26,USD
100N00F3,332/VII/17,20170712,G351890,D68681,BP0A,2,2,,1,341.26,USD
100N00F3,332/VII/17,20170712,G351891,D68681,BP0A,2,2,,1,341.26,USD
100N00F3,332/VII/17,20170712,G351892,D68681,BP0A,2,2,,1,341.26,USD
100N00F3,332/VII/17,20170712,G351893,D68681,BP0A,2,2,,1,341.26,USD
100N00F3,332/VII/17,20170712,G351894,D68681,BP0A,2,2,,1,341.26,USD
100N00F3,332/VII/17,20170712,G351895,D68681,BP0A,2,2,,1,341.26,USD
100N00F3,332/VII/17,20170712,G351896,D68681,BP0A,2,2,,1,341.26,USD
100N00F3,332/VII/17,20170712,G351897,D68681,BP0A,2,2,,1,341.26,USD
100N00F3,332/VII/17,20170712,G351898,D68681,BP0A,2,2,,1,341.26,USD
100N00F3,332/VII/17,20170712,G351899,D68681,BP0A,2,2,,1,341.26,USD
100N00F3,332/VII/17,20170712,G351900,D68681,BP0A,2,2,,1,341.26,USD
100N00F3,332/VII/17,20170712,G351901,D68681,BP0A,2,2,,1,341.26,USD
100N00F3,332/VII/17,20170712,G351902,D68681,BP0A,2,2,,1,341.26,USD
100N00F3,332/VII/17,20170712,G351903,D68681,BP0A,2,2,,1,341.26,USD
100N00F3,332/VII/17,20170712,G351904,D68681,BP0A,2,2,,1,341.26,USD
100N00F3,332/VII/17,20170712,G351905,D68681,BP0A,2,2,,1,341.26,USD
100N00F3,332/VII/17,20170712,G351906,D68681,BP0A,2,2,,1,341.26,USD
100N00F3,332/VII/17,20170712,G351907,D68681,BP0A,2,2,,1,341.26,USD
100N00F3,332/VII/17,20170712,G351908,D68681,BP0A,2,2,,1,341.26,USD
100N00F3,332/VII/17,20170712,G351909,D68681,BP0A,2,2,,1,341.26,USD
100N00F3,332/VII/17,20170712,G351910,D68681,BP0A,2,2,,1,341.26,USD
100N00F3,332/VII/17,20170712,G351911,D68681,BP0A,2,2,,1,341.26,USD
100N00F3,332/VII/17,20170712,G351912,D68681,BP0A,2,2,,1,341.26,USD
100N00F3,332/VII/17,20170712,G351913,D68681,BP0A,2,2,,1,341.26,USD
100N00F3,332/VII/17,20170712,G351914,D68681,BP0A,2,2,,1,341.26,USD
100N00F3,332/VII/17,20170712,G351915,D68681,BP0A,2,2,,1,341.26,USD
100N00F3,332/VII/17,20170712,G351916,D68681,BP0A,2,2,,1,341.26,USD
10CM01F3,332/VII/17,20170712,G350604,D68681,BP0A,2,2,,1,390.83,USD
10CM01F3,332/VII/17,20170712,G350605,D68681,BP0A,2,2,,1,390.83,USD
10CM01F3,332/VII/17,20170712,G350606,D68681,BP0A,2,2,,1,390.83,USD
10CM01F3,332/VII/17,20170712,G350607,D68681,BP0A,2,2,,1,390.83,USD
10CM01F3,332/VII/17,20170712,G350608,D68681,BP0A,2,2,,1,390.83,USD
10CM01F3,332/VII/17,20170712,G350609,D68681,BP0A,2,2,,1,390.83,USD
10CM01F3,332/VII/17,20170712,G350610,D68681,BP0A,2,2,,1,390.83,USD
10CM01F3,332/VII/17,20170712,G350611,D68681,BP0A,2,2,,1,390.83,USD
10CM01F3,332/VII/17,20170712,G350612,D68681,BP0A,2,2,,1,390.83,USD
10CM01F3,332/VII/17,20170712,G350613,D68681,BP0A,2,2,,1,390.83,USD
10CM01F3,332/VII/17,20170712,G350614,D68681,BP0A,2,2,,1,390.83,USD
10CM01F3,332/VII/17,20170712,G350615,D68681,BP0A,2,2,,1,390.83,USD
10CM01F3,332/VII/17,20170712,G350616,D68681,BP0A,2,2,,1,390.83,USD
10CM01F3,332/VII/17,20170712,G350617,D68681,BP0A,2,2,,1,390.83,USD
10CM01F3,332/VII/17,20170712,G350618,D68681,BP0A,2,2,,1,390.83,USD
10CM01F3,332/VII/17,20170712,G350619,D68681,BP0A,2,2,,1,390.83,USD
10CM01F3,332/VII/17,20170712,G350620,D68681,BP0A,2,2,,1,390.83,USD
10CM01F3,332/VII/17,20170712,G350621,D68681,BP0A,2,2,,1,390.83,USD
10CM01F3,332/VII/17,20170712,G350622,D68681,BP0A,2,2,,1,390.83,USD
10CM01F3,332/VII/17,20170712,G350623,D68681,BP0A,2,2,,1,390.83,USD
10CM01F3,332/VII/17,20170712,G350576,D68681,BP0A,2,2,,1,390.83,USD
10CM01F3,332/VII/17,20170712,G350577,D68681,BP0A,2,2,,1,390.83,USD
10CM01F3,332/VII/17,20170712,G350578,D68681,BP0A,2,2,,1,390.83,USD
10CM01F3,332/VII/17,20170712,G350579,D68681,BP0A,2,2,,1,390.83,USD
10CM01F3,332/VII/17,20170712,G350580,D68681,BP0A,2,2,,1,390.83,USD
10CM01F3,332/VII/17,20170712,G350581,D68681,BP0A,2,2,,1,390.83,USD
10CM01F3,332/VII/17,20170712,G350582,D68681,BP0A,2,2,,1,390.83,USD
10CM01F3,332/VII/17,20170712,G350583,D68681,BP0A,2,2,,1,390.83,USD
10CM01F3,332/VII/17,20170712,G350584,D68681,BP0A,2,2,,1,390.83,USD
10CM01F3,332/VII/17,20170712,G350585,D68681,BP0A,2,2,,1,390.83,USD
10CM01F3,332/VII/17,20170712,G350586,D68681,BP0A,2,2,,1,390.83,USD
10CM01F3,332/VII/17,20170712,G350587,D68681,BP0A,2,2,,1,390.83,USD
10CM01F3,332/VII/17,20170712,G350588,D68681,BP0A,2,2,,1,390.83,USD
10CM01F3,332/VII/17,20170712,G350589,D68681,BP0A,2,2,,1,390.83,USD
10CM01F3,332/VII/17,20170712,G350590,D68681,BP0A,2,2,,1,390.83,USD
10CM01F3,332/VII/17,20170712,G350591,D68681,BP0A,2,2,,1,390.83,USD
10CM01F3,332/VII/17,20170712,G350592,D68681,BP0A,2,2,,1,390.83,USD
10CM01F3,332/VII/17,20170712,G350593,D68681,BP0A,2,2,,1,390.83,USD
10CM01F3,332/VII/17,20170712,G350594,D68681,BP0A,2,2,,1,390.83,USD
10CM01F3,332/VII/17,20170712,G350595,D68681,BP0A,2,2,,1,390.83,USD
10CM01F3,332/VII/17,20170712,G350596,D68681,BP0A,2,2,,1,390.83,USD
10CM01F3,332/VII/17,20170712,G350597,D68681,BP0A,2,2,,1,390.83,USD
10CM01F3,332/VII/17,20170712,G350598,D68681,BP0A,2,2,,1,390.83,USD
10CM01F3,332/VII/17,20170712,G350599,D68681,BP0A,2,2,,1,390.83,USD
10CM01F3,332/VII/17,20170712,G350600,D68681,BP0A,2,2,,1,390.83,USD
10CM01F3,332/VII/17,20170712,G350601,D68681,BP0A,2,2,,1,390.83,USD
10CM01F3,332/VII/17,20170712,G350602,D68681,BP0A,2,2,,1,390.83,USD
10CM01F3,332/VII/17,20170712,G350603,D68681,BP0A,2,2,,1,390.83,USD
10CM01F3,332/VII/17,20170712,G350534,D68681,BP0A,2,2,,1,390.83,USD
10CM01F3,332/VII/17,20170712,G350535,D68681,BP0A,2,2,,1,390.83,USD
10CM01F3,332/VII/17,20170712,G350536,D68681,BP0A,2,2,,1,390.83,USD
10CM01F3,332/VII/17,20170712,G350537,D68681,BP0A,2,2,,1,390.83,USD
10CM01F3,332/VII/17,20170712,G350538,D68681,BP0A,2,2,,1,390.83,USD
10CM01F3,332/VII/17,20170712,G350539,D68681,BP0A,2,2,,1,390.83,USD
10CM01F3,332/VII/17,20170712,G350540,D68681,BP0A,2,2,,1,390.83,USD
10CM01F3,332/VII/17,20170712,G350541,D68681,BP0A,2,2,,1,390.83,USD
10CM01F3,332/VII/17,20170712,G350542,D68681,BP0A,2,2,,1,390.83,USD
10CM01F3,332/VII/17,20170712,G350543,D68681,BP0A,2,2,,1,390.83,USD
10CM01F3,332/VII/17,20170712,G350544,D68681,BP0A,2,2,,1,390.83,USD
10CM01F3,332/VII/17,20170712,G350545,D68681,BP0A,2,2,,1,390.83,USD
10CM01F3,332/VII/17,20170712,G350546,D68681,BP0A,2,2,,1,390.83,USD
10CM01F3,332/VII/17,20170712,G350547,D68681,BP0A,2,2,,1,390.83,USD
10CM01F3,332/VII/17,20170712,G350548,D68681,BP0A,2,2,,1,390.83,USD
10CM01F3,332/VII/17,20170712,G350549,D68681,BP0A,2,2,,1,390.83,USD
10CM01F3,332/VII/17,20170712,G350550,D68681,BP0A,2,2,,1,390.83,USD
10CM01F3,332/VII/17,20170712,G350551,D68681,BP0A,2,2,,1,390.83,USD
10CM01F3,332/VII/17,20170712,G350552,D68681,BP0A,2,2,,1,390.83,USD
10CM01F3,332/VII/17,20170712,G350553,D68681,BP0A,2,2,,1,390.83,USD
10CM01F3,332/VII/17,20170712,G350554,D68681,BP0A,2,2,,1,390.83,USD
10CM01F3,332/VII/17,20170712,G350555,D68681,BP0A,2,2,,1,390.83,USD
10CM01F3,332/VII/17,20170712,G350556,D68681,BP0A,2,2,,1,390.83,USD
10CM01F3,332/VII/17,20170712,G350557,D68681,BP0A,2,2,,1,390.83,USD
10CM01F3,332/VII/17,20170712,G350558,D68681,BP0A,2,2,,1,390.83,USD
10CM01F3,332/VII/17,20170712,G350559,D68681,BP0A,2,2,,1,390.83,USD
10CM01F3,332/VII/17,20170712,G350560,D68681,BP0A,2,2,,1,390.83,USD
10CM01F3,332/VII/17,20170712,G350561,D68681,BP0A,2,2,,1,390.83,USD
10CM01F3,332/VII/17,20170712,G350562,D68681,BP0A,2,2,,1,390.83,USD
10CM01F3,332/VII/17,20170712,G350563,D68681,BP0A,2,2,,1,390.83,USD
10CM01F3,332/VII/17,20170712,G350564,D68681,BP0A,2,2,,1,390.83,USD
10CM01F3,332/VII/17,20170712,G350565,D68681,BP0A,2,2,,1,390.83,USD
10CM01F3,332/VII/17,20170712,G350566,D68681,BP0A,2,2,,1,390.83,USD
10CM01F3,332/VII/17,20170712,G350567,D68681,BP0A,2,2,,1,390.83,USD
10CM01F3,332/VII/17,20170712,G350568,D68681,BP0A,2,2,,1,390.83,USD
10CM01F3,332/VII/17,20170712,G350569,D68681,BP0A,2,2,,1,390.83,USD
10CM01F3,332/VII/17,20170712,G350570,D68681,BP0A,2,2,,1,390.83,USD
10CM01F3,332/VII/17,20170712,G350571,D68681,BP0A,2,2,,1,390.83,USD
10CM01F3,332/VII/17,20170712,G350572,D68681,BP0A,2,2,,1,390.83,USD
10CM01F3,332/VII/17,20170712,G350573,D68681,BP0A,2,2,,1,390.83,USD
10CM01F3,332/VII/17,20170712,G350574,D68681,BP0A,2,2,,1,390.83,USD
10CM01F3,332/VII/17,20170712,G350575,D68681,BP0A,2,2,,1,390.83,USD
100N00F3,333/VII/17,20170713,G351918,D68681,BP0A,2,2,,1,341.26,USD
100N00F3,333/VII/17,20170713,G351919,D68681,BP0A,2,2,,1,341.26,USD
100N00F3,333/VII/17,20170713,G351920,D68681,BP0A,2,2,,1,341.26,USD
100N00F3,333/VII/17,20170713,G351921,D68681,BP0A,2,2,,1,341.26,USD
100N00F3,333/VII/17,20170713,G351922,D68681,BP0A,2,2,,1,341.26,USD
100N00F3,333/VII/17,20170713,G351923,D68681,BP0A,2,2,,1,341.26,USD
100N00F3,333/VII/17,20170713,G351924,D68681,BP0A,2,2,,1,341.26,USD
100N00F3,333/VII/17,20170713,G351925,D68681,BP0A,2,2,,1,341.26,USD
100N00F3,333/VII/17,20170713,G351926,D68681,BP0A,2,2,,1,341.26,USD
100N00F3,333/VII/17,20170713,G351927,D68681,BP0A,2,2,,1,341.26,USD
107L00N7,333/VII/17,20170713,G351718,D68681,BP0A,2,2,,1,306.78,USD
107L00N7,333/VII/17,20170713,G351719,D68681,BP0A,2,2,,1,306.78,USD
107L00N7,333/VII/17,20170713,G351720,D68681,BP0A,2,2,,1,306.78,USD
107L00N7,333/VII/17,20170713,G351721,D68681,BP0A,2,2,,1,306.78,USD
107L00N7,333/VII/17,20170713,G351722,D68681,BP0A,2,2,,1,306.78,USD
107L00N7,333/VII/17,20170713,G351723,D68681,BP0A,2,2,,1,306.78,USD
107L00N7,333/VII/17,20170713,G351724,D68681,BP0A,2,2,,1,306.78,USD
107L00N7,333/VII/17,20170713,G351725,D68681,BP0A,2,2,,1,306.78,USD
107L00N7,333/VII/17,20170713,G351726,D68681,BP0A,2,2,,1,306.78,USD
107L00N7,333/VII/17,20170713,G351727,D68681,BP0A,2,2,,1,306.78,USD
107L00N7,333/VII/17,20170713,G351728,D68681,BP0A,2,2,,1,306.78,USD
107L00N7,333/VII/17,20170713,G351729,D68681,BP0A,2,2,,1,306.78,USD
107L00N7,333/VII/17,20170713,G351730,D68681,BP0A,2,2,,1,306.78,USD
107L00N7,333/VII/17,20170713,G351731,D68681,BP0A,2,2,,1,306.78,USD
107L00N7,333/VII/17,20170713,G351732,D68681,BP0A,2,2,,1,306.78,USD
107L00N7,333/VII/17,20170713,G351733,D68681,BP0A,2,2,,1,306.78,USD
107L00N7,333/VII/17,20170713,G351734,D68681,BP0A,2,2,,1,306.78,USD
107L00N7,333/VII/17,20170713,G351735,D68681,BP0A,2,2,,1,306.78,USD
107L00N7,333/VII/17,20170713,G351736,D68681,BP0A,2,2,,1,306.78,USD
107L00N7,333/VII/17,20170713,G351737,D68681,BP0A,2,2,,1,306.78,USD
107L00N7,333/VII/17,20170713,G351738,D68681,BP0A,2,2,,1,306.78,USD
107L00N7,333/VII/17,20170713,G351739,D68681,BP0A,2,2,,1,306.78,USD
107L00N7,333/VII/17,20170713,G351740,D68681,BP0A,2,2,,1,306.78,USD
107L00N7,333/VII/17,20170713,G351741,D68681,BP0A,2,2,,1,306.78,USD
107L00N7,333/VII/17,20170713,G351742,D68681,BP0A,2,2,,1,306.78,USD
107L00N7,333/VII/17,20170713,G351743,D68681,BP0A,2,2,,1,306.78,USD
107L00N7,333/VII/17,20170713,G351744,D68681,BP0A,2,2,,1,306.78,USD
107L00N7,333/VII/17,20170713,G351745,D68681,BP0A,2,2,,1,306.78,USD
107L00N7,333/VII/17,20170713,G351746,D68681,BP0A,2,2,,1,306.78,USD
107L00N7,333/VII/17,20170713,G351747,D68681,BP0A,2,2,,1,306.78,USD
107L00N7,333/VII/17,20170713,G351748,D68681,BP0A,2,2,,1,306.78,USD
107L00N7,333/VII/17,20170713,G351749,D68681,BP0A,2,2,,1,306.78,USD
107L00N7,333/VII/17,20170713,G351750,D68681,BP0A,2,2,,1,306.78,USD
107L00N7,333/VII/17,20170713,G351751,D68681,BP0A,2,2,,1,306.78,USD
107L00N7,333/VII/17,20170713,G351752,D68681,BP0A,2,2,,1,306.78,USD
107L00N7,333/VII/17,20170713,G351753,D68681,BP0A,2,2,,1,306.78,USD
107L00N7,333/VII/17,20170713,G351754,D68681,BP0A,2,2,,1,306.78,USD
107L00N7,333/VII/17,20170713,G351755,D68681,BP0A,2,2,,1,306.78,USD
107L00N7,333/VII/17,20170713,G351756,D68681,BP0A,2,2,,1,306.78,USD
107L00N7,333/VII/17,20170713,G351757,D68681,BP0A,2,2,,1,306.78,USD
107L00N7,333/VII/17,20170713,G351758,D68681,BP0A,2,2,,1,306.78,USD
107L00N7,333/VII/17,20170713,G351787,D68681,BP0A,2,2,,1,306.78,USD
107L00N7,333/VII/17,20170713,G351788,D68681,BP0A,2,2,,1,306.78,USD
107L00N7,333/VII/17,20170713,G351789,D68681,BP0A,2,2,,1,306.78,USD
107L00N7,333/VII/17,20170713,G351790,D68681,BP0A,2,2,,1,306.78,USD
107L00N7,333/VII/17,20170713,G351759,D68681,BP0A,2,2,,1,306.78,USD
107L00N7,333/VII/17,20170713,G351760,D68681,BP0A,2,2,,1,306.78,USD
107L00N7,333/VII/17,20170713,G351761,D68681,BP0A,2,2,,1,306.78,USD
107L00N7,333/VII/17,20170713,G351762,D68681,BP0A,2,2,,1,306.78,USD
107L00N7,333/VII/17,20170713,G351763,D68681,BP0A,2,2,,1,306.78,USD
107L00N7,333/VII/17,20170713,G351764,D68681,BP0A,2,2,,1,306.78,USD
107L00N7,333/VII/17,20170713,G351765,D68681,BP0A,2,2,,1,306.78,USD
107L00N7,333/VII/17,20170713,G351766,D68681,BP0A,2,2,,1,306.78,USD
107L00N7,333/VII/17,20170713,G351767,D68681,BP0A,2,2,,1,306.78,USD
107L00N7,333/VII/17,20170713,G351768,D68681,BP0A,2,2,,1,306.78,USD
107L00N7,333/VII/17,20170713,G351769,D68681,BP0A,2,2,,1,306.78,USD
107L00N7,333/VII/17,20170713,G351770,D68681,BP0A,2,2,,1,306.78,USD
107L00N7,333/VII/17,20170713,G351771,D68681,BP0A,2,2,,1,306.78,USD
107L00N7,333/VII/17,20170713,G351772,D68681,BP0A,2,2,,1,306.78,USD
107L00N7,333/VII/17,20170713,G351773,D68681,BP0A,2,2,,1,306.78,USD
107L00N7,333/VII/17,20170713,G351774,D68681,BP0A,2,2,,1,306.78,USD
107L00N7,333/VII/17,20170713,G351775,D68681,BP0A,2,2,,1,306.78,USD
107L00N7,333/VII/17,20170713,G351776,D68681,BP0A,2,2,,1,306.78,USD
107L00N7,333/VII/17,20170713,G351777,D68681,BP0A,2,2,,1,306.78,USD
107L00N7,333/VII/17,20170713,G351778,D68681,BP0A,2,2,,1,306.78,USD
107L00N7,333/VII/17,20170713,G351779,D68681,BP0A,2,2,,1,306.78,USD
107L00N7,333/VII/17,20170713,G351780,D68681,BP0A,2,2,,1,306.78,USD
107L00N7,333/VII/17,20170713,G351781,D68681,BP0A,2,2,,1,306.78,USD
107L00N7,333/VII/17,20170713,G351782,D68681,BP0A,2,2,,1,306.78,USD
107L00N7,333/VII/17,20170713,G351783,D68681,BP0A,2,2,,1,306.78,USD
107L00N7,333/VII/17,20170713,G351784,D68681,BP0A,2,2,,1,306.78,USD
107L00N7,333/VII/17,20170713,G351785,D68681,BP0A,2,2,,1,306.78,USD
107L00N7,333/VII/17,20170713,G351786,D68681,BP0A,2,2,,1,306.78,USD
107M0071,333/VII/17,20170713,G351436,D68681,BP0A,2,2,,1,642.07,USD
107M0071,333/VII/17,20170713,G351437,D68681,BP0A,2,2,,1,642.07,USD
107M0071,333/VII/17,20170713,G351438,D68681,BP0A,2,2,,1,642.07,USD
107M0071,333/VII/17,20170713,G351439,D68681,BP0A,2,2,,1,642.07,USD
107M0071,333/VII/17,20170713,G351440,D68681,BP0A,2,2,,1,642.07,USD
107M0071,333/VII/17,20170713,G351441,D68681,BP0A,2,2,,1,642.07,USD
107M0071,333/VII/17,20170713,G351442,D68681,BP0A,2,2,,1,642.07,USD
107M0071,333/VII/17,20170713,G351443,D68681,BP0A,2,2,,1,642.07,USD
107M0071,333/VII/17,20170713,G351444,D68681,BP0A,2,2,,1,642.07,USD
107M0071,333/VII/17,20170713,G351445,D68681,BP0A,2,2,,1,642.07,USD
107M0071,333/VII/17,20170713,G351446,D68681,BP0A,2,2,,1,642.07,USD
107M0071,333/VII/17,20170713,G351447,D68681,BP0A,2,2,,1,642.07,USD
107M0071,333/VII/17,20170713,G351448,D68681,BP0A,2,2,,1,642.07,USD
107M0071,333/VII/17,20170713,G351449,D68681,BP0A,2,2,,1,642.07,USD
107M0071,333/VII/17,20170713,G351450,D68681,BP0A,2,2,,1,642.07,USD
107M0071,333/VII/17,20170713,G351451,D68681,BP0A,2,2,,1,642.07,USD
107M00F3,333/VII/17,20170713,G351414,D68681,BP0A,2,2,,1,642.07,USD
107M00F3,333/VII/17,20170713,G351415,D68681,BP0A,2,2,,1,642.07,USD
107M00F3,333/VII/17,20170713,G351416,D68681,BP0A,2,2,,1,642.07,USD
107M00F3,333/VII/17,20170713,G351417,D68681,BP0A,2,2,,1,642.07,USD
107M00F3,333/VII/17,20170713,G351418,D68681,BP0A,2,2,,1,642.07,USD
107M00F3,333/VII/17,20170713,G351419,D68681,BP0A,2,2,,1,642.07,USD
107M00F3,333/VII/17,20170713,G351420,D68681,BP0A,2,2,,1,642.07,USD
107M00F3,333/VII/17,20170713,G351421,D68681,BP0A,2,2,,1,642.07,USD
107M00F3,333/VII/17,20170713,G351422,D68681,BP0A,2,2,,1,642.07,USD
107M00F3,333/VII/17,20170713,G351423,D68681,BP0A,2,2,,1,642.07,USD
107M00F3,333/VII/17,20170713,G351424,D68681,BP0A,2,2,,1,642.07,USD
107M00F3,333/VII/17,20170713,G351425,D68681,BP0A,2,2,,1,642.07,USD
107M00F3,333/VII/17,20170713,G351426,D68681,BP0A,2,2,,1,642.07,USD
107M00F3,333/VII/17,20170713,G351427,D68681,BP0A,2,2,,1,642.07,USD
107M00F3,333/VII/17,20170713,G351428,D68681,BP0A,2,2,,1,642.07,USD
107M00F3,333/VII/17,20170713,G351429,D68681,BP0A,2,2,,1,642.07,USD
107M00F3,333/VII/17,20170713,G351430,D68681,BP0A,2,2,,1,642.07,USD
107M00F3,333/VII/17,20170713,G351411,D68681,BP0A,2,2,,1,642.07,USD
107M00F3,333/VII/17,20170713,G351412,D68681,BP0A,2,2,,1,642.07,USD
107M00F3,333/VII/17,20170713,G351413,D68681,BP0A,2,2,,1,642.07,USD
10HX00F3,333/VII/17,20170713,G351378,D68681,BP0A,2,2,,1,1591.18,USD
10HX00F3,333/VII/17,20170713,G351379,D68681,BP0A,2,2,,1,1591.18,USD
10HX00F3,333/VII/17,20170713,G351380,D68681,BP0A,2,2,,1,1591.18,USD
10HX00F3,333/VII/17,20170713,G351381,D68681,BP0A,2,2,,1,1591.18,USD
10HX00F3,333/VII/17,20170713,G351382,D68681,BP0A,2,2,,1,1591.18,USD
10HX00F3,333/VII/17,20170713,G351383,D68681,BP0A,2,2,,1,1591.18,USD
10HX00F3,333/VII/17,20170713,G351384,D68681,BP0A,2,2,,1,1591.18,USD
10HX00F3,333/VII/17,20170713,G351385,D68681,BP0A,2,2,,1,1591.18,USD
10HX00F3,333/VII/17,20170713,G351386,D68681,BP0A,2,2,,1,1591.18,USD
10HX00F3,333/VII/17,20170713,G351387,D68681,BP0A,2,2,,1,1591.18,USD
107K00F3,337/VII/17,20170714,,D68681,BP0A,2,2,1,1,665.34,USD
10TX00,337/VII/17,20170714,,D68681,BP0A,2,2,1,64,50799.36,USD
238997,337/VII/17,20170714,,D68681,BP0A,2,2,1,100,632.00,USD
14-238129,337B/VII/17,20170714,,D68681,BP0A,2,2,1,30,685.20,USD
14-809170,337B/VII/17,20170714,,D68681,BP0A,2,2,1,20,31.60,USD
14-814879,337B/VII/17,20170714,,D68681,BP0A,2,2,1,60,162.60,USD
14-816106,337B/VII/17,20170714,,D68681,BP0A,2,2,1,50,110.50,USD
14-816106,337B/VII/17,20170714,,D68681,BP0A,2,2,1,500,1105.00,USD
14-817093,337B/VII/17,20170714,,D68681,BP0A,2,2,1,20,599.20,USD
14-932975,337B/VII/17,20170714,,D68681,BP0A,2,2,1,100,67.00,USD
14-946475,337B/VII/17,20170714,,D68681,BP0A,2,2,1,200,140.00,USD
14-947700,337B/VII/17,20170714,,D68681,BP0A,2,2,1,100,5.00,USD
14-949980,337B/VII/17,20170714,,D68681,BP0A,2,2,1,100,69.00,USD
14-951603,337B/VII/17,20170714,,D68681,BP0A,2,2,1,50,679.50,USD
273516,337B/VII/17,20170714,,D68681,BP0A,2,2,1,50,50.00,USD
103X00,338/VII/17,20170714,E165256,D68681,BP0A,2,2,,1,568.16,USD
103X00,338/VII/17,20170714,E165257,D68681,BP0A,2,2,,1,568.16,USD
103X00,338/VII/17,20170714,E165258,D68681,BP0A,2,2,,1,568.16,USD
103X00,338/VII/17,20170714,E165259,D68681,BP0A,2,2,,1,568.16,USD
103X00,338/VII/17,20170714,E165260,D68681,BP0A,2,2,,1,568.16,USD
103X00,338/VII/17,20170714,E165261,D68681,BP0A,2,2,,1,568.16,USD
103X00,338/VII/17,20170714,E165247,D68681,BP0A,2,2,,1,568.16,USD
103X00,338/VII/17,20170714,E165248,D68681,BP0A,2,2,,1,568.16,USD
103X00,338/VII/17,20170714,E165249,D68681,BP0A,2,2,,1,568.16,USD
103X00,338/VII/17,20170714,E165250,D68681,BP0A,2,2,,1,568.16,USD
103X00,338/VII/17,20170714,E165251,D68681,BP0A,2,2,,1,568.16,USD
103X00,338/VII/17,20170714,E165252,D68681,BP0A,2,2,,1,568.16,USD
103X00,338/VII/17,20170714,E165253,D68681,BP0A,2,2,,1,568.16,USD
103X00,338/VII/17,20170714,E165254,D68681,BP0A,2,2,,1,568.16,USD
103X00,338/VII/17,20170714,E165255,D68681,BP0A,2,2,,1,568.16,USD
10CH00,338/VII/17,20170714,E164841,D68681,BP0A,2,2,,1,393.16,USD
10CH00,338/VII/17,20170714,E164842,D68681,BP0A,2,2,,1,393.16,USD
10CH00,338/VII/17,20170714,E164843,D68681,BP0A,2,2,,1,393.16,USD
10CH00,338/VII/17,20170714,E164844,D68681,BP0A,2,2,,1,393.16,USD
10CH00,338/VII/17,20170714,E164845,D68681,BP0A,2,2,,1,393.16,USD
10CH00,338/VII/17,20170714,E164846,D68681,BP0A,2,2,,1,393.16,USD
10CH00,338/VII/17,20170714,E164847,D68681,BP0A,2,2,,1,393.16,USD
10CH00,338/VII/17,20170714,E164848,D68681,BP0A,2,2,,1,393.16,USD
10CH00,338/VII/17,20170714,E164849,D68681,BP0A,2,2,,1,393.16,USD
10CH00,338/VII/17,20170714,E164850,D68681,BP0A,2,2,,1,393.16,USD
10CH00,338/VII/17,20170714,E164851,D68681,BP0A,2,2,,1,393.16,USD
10CH00,338/VII/17,20170714,E164852,D68681,BP0A,2,2,,1,393.16,USD
10CH00,338/VII/17,20170714,E164853,D68681,BP0A,2,2,,1,393.16,USD
10CH00,338/VII/17,20170714,E164854,D68681,BP0A,2,2,,1,393.16,USD
10CH00,338/VII/17,20170714,E164855,D68681,BP0A,2,2,,1,393.16,USD
10CH00,338/VII/17,20170714,E164856,D68681,BP0A,2,2,,1,393.16,USD
10CH00,338/VII/17,20170714,E164857,D68681,BP0A,2,2,,1,393.16,USD
10CH00,338/VII/17,20170714,E164858,D68681,BP0A,2,2,,1,393.16,USD
10CH00,338/VII/17,20170714,E164859,D68681,BP0A,2,2,,1,393.16,USD
10CH00,338/VII/17,20170714,E164860,D68681,BP0A,2,2,,1,393.16,USD
10CH00,338/VII/17,20170714,E164861,D68681,BP0A,2,2,,1,393.16,USD
10CH00,338/VII/17,20170714,E164862,D68681,BP0A,2,2,,1,393.16,USD
10CH00,338/VII/17,20170714,E164863,D68681,BP0A,2,2,,1,393.16,USD
10CH00,338/VII/17,20170714,E164864,D68681,BP0A,2,2,,1,393.16,USD
10CH00,338/VII/17,20170714,E164865,D68681,BP0A,2,2,,1,393.16,USD
10CH00,338/VII/17,20170714,E164866,D68681,BP0A,2,2,,1,393.16,USD
10CH00,338/VII/17,20170714,E164867,D68681,BP0A,2,2,,1,393.16,USD
10CH00,338/VII/17,20170714,E164805,D68681,BP0A,2,2,,1,393.16,USD
10CH00,338/VII/17,20170714,E164806,D68681,BP0A,2,2,,1,393.16,USD
10CH00,338/VII/17,20170714,E164807,D68681,BP0A,2,2,,1,393.16,USD
10CH00,338/VII/17,20170714,E164808,D68681,BP0A,2,2,,1,393.16,USD
10CH00,338/VII/17,20170714,E164809,D68681,BP0A,2,2,,1,393.16,USD
10CH00,338/VII/17,20170714,E164810,D68681,BP0A,2,2,,1,393.16,USD
10CH00,338/VII/17,20170714,E164811,D68681,BP0A,2,2,,1,393.16,USD
10CH00,338/VII/17,20170714,E164812,D68681,BP0A,2,2,,1,393.16,USD
10CH00,338/VII/17,20170714,E164813,D68681,BP0A,2,2,,1,393.16,USD
10CH00,338/VII/17,20170714,E164814,D68681,BP0A,2,2,,1,393.16,USD
10CH00,338/VII/17,20170714,E164815,D68681,BP0A,2,2,,1,393.16,USD
10CH00,338/VII/17,20170714,E164816,D68681,BP0A,2,2,,1,393.16,USD
10CH00,338/VII/17,20170714,E164817,D68681,BP0A,2,2,,1,393.16,USD
10CH00,338/VII/17,20170714,E164818,D68681,BP0A,2,2,,1,393.16,USD
10CH00,338/VII/17,20170714,E164819,D68681,BP0A,2,2,,1,393.16,USD
10CH00,338/VII/17,20170714,E164820,D68681,BP0A,2,2,,1,393.16,USD
10CH00,338/VII/17,20170714,E164821,D68681,BP0A,2,2,,1,393.16,USD
10CH00,338/VII/17,20170714,E164822,D68681,BP0A,2,2,,1,393.16,USD
10CH00,338/VII/17,20170714,E164823,D68681,BP0A,2,2,,1,393.16,USD
10CH00,338/VII/17,20170714,E164824,D68681,BP0A,2,2,,1,393.16,USD
10CH00,338/VII/17,20170714,E164825,D68681,BP0A,2,2,,1,393.16,USD
10CH00,338/VII/17,20170714,E164826,D68681,BP0A,2,2,,1,393.16,USD
10CH00,338/VII/17,20170714,E164827,D68681,BP0A,2,2,,1,393.16,USD
10CH00,338/VII/17,20170714,E164828,D68681,BP0A,2,2,,1,393.16,USD
10CH00,338/VII/17,20170714,E164829,D68681,BP0A,2,2,,1,393.16,USD
10CH00,338/VII/17,20170714,E164830,D68681,BP0A,2,2,,1,393.16,USD
10CH00,338/VII/17,20170714,E164831,D68681,BP0A,2,2,,1,393.16,USD
10CH00,338/VII/17,20170714,E164832,D68681,BP0A,2,2,,1,393.16,USD
10CH00,338/VII/17,20170714,E164833,D68681,BP0A,2,2,,1,393.16,USD
10CH00,338/VII/17,20170714,E164834,D68681,BP0A,2,2,,1,393.16,USD
10CH00,338/VII/17,20170714,E164835,D68681,BP0A,2,2,,1,393.16,USD
10CH00,338/VII/17,20170714,E164836,D68681,BP0A,2,2,,1,393.16,USD
10CH00,338/VII/17,20170714,E164837,D68681,BP0A,2,2,,1,393.16,USD
10CH00,338/VII/17,20170714,E164838,D68681,BP0A,2,2,,1,393.16,USD
10CH00,338/VII/17,20170714,E164839,D68681,BP0A,2,2,,1,393.16,USD
10CH00,338/VII/17,20170714,E164840,D68681,BP0A,2,2,,1,393.16,USD
10CJ00,338/VII/17,20170714,E164913,D68681,BP0A,2,2,,1,544.60,USD
10CJ00,338/VII/17,20170714,E164914,D68681,BP0A,2,2,,1,544.60,USD
10CJ00,338/VII/17,20170714,E164915,D68681,BP0A,2,2,,1,544.60,USD
10CJ00,338/VII/17,20170714,E164916,D68681,BP0A,2,2,,1,544.60,USD
10CJ00,338/VII/17,20170714,E164917,D68681,BP0A,2,2,,1,544.60,USD
10CJ00,338/VII/17,20170714,E164905,D68681,BP0A,2,2,,1,544.60,USD
10CJ00,338/VII/17,20170714,E164906,D68681,BP0A,2,2,,1,544.60,USD
10CJ00,338/VII/17,20170714,E164907,D68681,BP0A,2,2,,1,544.60,USD
10CJ00,338/VII/17,20170714,E164908,D68681,BP0A,2,2,,1,544.60,USD
10CJ00,338/VII/17,20170714,E164909,D68681,BP0A,2,2,,1,544.60,USD
10CJ00,338/VII/17,20170714,E164910,D68681,BP0A,2,2,,1,544.60,USD
10CJ00,338/VII/17,20170714,E164911,D68681,BP0A,2,2,,1,544.60,USD
10CJ00,338/VII/17,20170714,E164912,D68681,BP0A,2,2,,1,544.60,USD
10TX00,338/VII/17,20170714,E165109,D68681,BP0A,2,2,,1,793.74,USD
10TX00,338/VII/17,20170714,E165110,D68681,BP0A,2,2,,1,793.74,USD
10TX00,338/VII/17,20170714,E165111,D68681,BP0A,2,2,,1,793.74,USD
10TX00,338/VII/17,20170714,E165112,D68681,BP0A,2,2,,1,793.74,USD
10TX00,338/VII/17,20170714,E165113,D68681,BP0A,2,2,,1,793.74,USD
10TX00,338/VII/17,20170714,E165114,D68681,BP0A,2,2,,1,793.74,USD
10TX00,338/VII/17,20170714,E165115,D68681,BP0A,2,2,,1,793.74,USD
10TX00,338/VII/17,20170714,E165116,D68681,BP0A,2,2,,1,793.74,USD
10TX00,338/VII/17,20170714,E165117,D68681,BP0A,2,2,,1,793.74,USD
10TX00,338/VII/17,20170714,E165118,D68681,BP0A,2,2,,1,793.74,USD
10TX00,338/VII/17,20170714,E165119,D68681,BP0A,2,2,,1,793.74,USD
10TX00,338/VII/17,20170714,E165120,D68681,BP0A,2,2,,1,793.74,USD
10TX00,338/VII/17,20170714,E165121,D68681,BP0A,2,2,,1,793.74,USD
10TX00,338/VII/17,20170714,E165122,D68681,BP0A,2,2,,1,793.74,USD
10TX00,338/VII/17,20170714,E165123,D68681,BP0A,2,2,,1,793.74,USD
10TX00,338/VII/17,20170714,E165124,D68681,BP0A,2,2,,1,793.74,USD
10TX00,338/VII/17,20170714,E165125,D68681,BP0A,2,2,,1,793.74,USD
10TX00,338/VII/17,20170714,E165126,D68681,BP0A,2,2,,1,793.74,USD
10TX00,338/VII/17,20170714,E165127,D68681,BP0A,2,2,,1,793.74,USD
10TX00,338/VII/17,20170714,E165128,D68681,BP0A,2,2,,1,793.74,USD
10TX00,338/VII/17,20170714,E165129,D68681,BP0A,2,2,,1,793.74,USD
10TX00,338/VII/17,20170714,E165130,D68681,BP0A,2,2,,1,793.74,USD
10TX00,338/VII/17,20170714,E165131,D68681,BP0A,2,2,,1,793.74,USD
10TX00,338/VII/17,20170714,E165132,D68681,BP0A,2,2,,1,793.74,USD
10TX00,338/VII/17,20170714,E165133,D68681,BP0A,2,2,,1,793.74,USD
10TX00,338/VII/17,20170714,E165134,D68681,BP0A,2,2,,1,793.74,USD
10TX00,338/VII/17,20170714,E165135,D68681,BP0A,2,2,,1,793.74,USD
103X00,339/VII/17,20170714,E165262,D68681,BP0A,2,2,,1,568.16,USD
103X00,339/VII/17,20170714,E165263,D68681,BP0A,2,2,,1,568.16,USD
103X00,339/VII/17,20170714,E165264,D68681,BP0A,2,2,,1,568.16,USD
103X00,339/VII/17,20170714,E165265,D68681,BP0A,2,2,,1,568.16,USD
103X00,339/VII/17,20170714,E165266,D68681,BP0A,2,2,,1,568.16,USD
10TN00,339/VII/17,20170714,E165002,D68681,BP0A,2,2,,1,1014.71,USD
10TN00,339/VII/17,20170714,E165003,D68681,BP0A,2,2,,1,1014.71,USD
10TN00,339/VII/17,20170714,E164988,D68681,BP0A,2,2,,1,1014.71,USD
10TN00,339/VII/17,20170714,E164989,D68681,BP0A,2,2,,1,1014.71,USD
10TN00,339/VII/17,20170714,E164990,D68681,BP0A,2,2,,1,1014.71,USD
10TN00,339/VII/17,20170714,E164991,D68681,BP0A,2,2,,1,1014.71,USD
10TN00,339/VII/17,20170714,E164992,D68681,BP0A,2,2,,1,1014.71,USD
10TN00,339/VII/17,20170714,E164993,D68681,BP0A,2,2,,1,1014.71,USD
10TN00,339/VII/17,20170714,E164994,D68681,BP0A,2,2,,1,1014.71,USD
10TN00,339/VII/17,20170714,E164995,D68681,BP0A,2,2,,1,1014.71,USD
10TN00,339/VII/17,20170714,E164996,D68681,BP0A,2,2,,1,1014.71,USD
10TN00,339/VII/17,20170714,E164997,D68681,BP0A,2,2,,1,1014.71,USD
10TN00,339/VII/17,20170714,E164998,D68681,BP0A,2,2,,1,1014.71,USD
10TN00,339/VII/17,20170714,E164999,D68681,BP0A,2,2,,1,1014.71,USD
10TN00,339/VII/17,20170714,E165000,D68681,BP0A,2,2,,1,1014.71,USD
10TN00,339/VII/17,20170714,E165001,D68681,BP0A,2,2,,1,1014.71,USD
10TX00,339/VII/17,20170714,E165200,D68681,BP0A,2,2,,1,793.74,USD
10TX00,339/VII/17,20170714,E165201,D68681,BP0A,2,2,,1,793.74,USD
10TX00,339/VII/17,20170714,E165202,D68681,BP0A,2,2,,1,793.74,USD
10TX00,339/VII/17,20170714,E165203,D68681,BP0A,2,2,,1,793.74,USD
10TX00,339/VII/17,20170714,E165204,D68681,BP0A,2,2,,1,793.74,USD
10TX00,339/VII/17,20170714,E165205,D68681,BP0A,2,2,,1,793.74,USD
10TX00,339/VII/17,20170714,E165206,D68681,BP0A,2,2,,1,793.74,USD
10TX00,339/VII/17,20170714,E165207,D68681,BP0A,2,2,,1,793.74,USD
10TX00,339/VII/17,20170714,E165208,D68681,BP0A,2,2,,1,793.74,USD
10TX00,339/VII/17,20170714,E165209,D68681,BP0A,2,2,,1,793.74,USD
10TX00,339/VII/17,20170714,E165210,D68681,BP0A,2,2,,1,793.74,USD
10TX00,339/VII/17,20170714,E165211,D68681,BP0A,2,2,,1,793.74,USD
10TX00,339/VII/17,20170714,E165212,D68681,BP0A,2,2,,1,793.74,USD
10TX00,339/VII/17,20170714,E165213,D68681,BP0A,2,2,,1,793.74,USD
10TX00,339/VII/17,20170714,E165214,D68681,BP0A,2,2,,1,793.74,USD
10TX00,339/VII/17,20170714,E165215,D68681,BP0A,2,2,,1,793.74,USD
10TX00,339/VII/17,20170714,E165216,D68681,BP0A,2,2,,1,793.74,USD
10TX00,339/VII/17,20170714,E165217,D68681,BP0A,2,2,,1,793.74,USD
10TX00,339/VII/17,20170714,E165218,D68681,BP0A,2,2,,1,793.74,USD
10TX00,339/VII/17,20170714,E165219,D68681,BP0A,2,2,,1,793.74,USD
10TX00,339/VII/17,20170714,E165220,D68681,BP0A,2,2,,1,793.74,USD
10TX00,339/VII/17,20170714,E165221,D68681,BP0A,2,2,,1,793.74,USD
10TX00,339/VII/17,20170714,E165222,D68681,BP0A,2,2,,1,793.74,USD
10TX00,339/VII/17,20170714,E165223,D68681,BP0A,2,2,,1,793.74,USD
10TX00,339/VII/17,20170714,E165224,D68681,BP0A,2,2,,1,793.74,USD
10TX00,339/VII/17,20170714,E165225,D68681,BP0A,2,2,,1,793.74,USD
10TX00,339/VII/17,20170714,E165226,D68681,BP0A,2,2,,1,793.74,USD
10TX00,339/VII/17,20170714,E165227,D68681,BP0A,2,2,,1,793.74,USD
10TX00,339/VII/17,20170714,E165228,D68681,BP0A,2,2,,1,793.74,USD
10TX00,339/VII/17,20170714,E165229,D68681,BP0A,2,2,,1,793.74,USD
10TX00,339/VII/17,20170714,E165230,D68681,BP0A,2,2,,1,793.74,USD
10TX00,339/VII/17,20170714,E165231,D68681,BP0A,2,2,,1,793.74,USD
10TX00,339/VII/17,20170714,E165232,D68681,BP0A,2,2,,1,793.74,USD
10TX00,339/VII/17,20170714,E165233,D68681,BP0A,2,2,,1,793.74,USD
10TX00,339/VII/17,20170714,E165234,D68681,BP0A,2,2,,1,793.74,USD
10TX00,339/VII/17,20170714,E165235,D68681,BP0A,2,2,,1,793.74,USD
10TX00,339/VII/17,20170714,E165236,D68681,BP0A,2,2,,1,793.74,USD
10TX00,339/VII/17,20170714,E165237,D68681,BP0A,2,2,,1,793.74,USD
10TX00,339/VII/17,20170714,E165238,D68681,BP0A,2,2,,1,793.74,USD
10TX00,339/VII/17,20170714,E165239,D68681,BP0A,2,2,,1,793.74,USD
10TX00,339/VII/17,20170714,E165240,D68681,BP0A,2,2,,1,793.74,USD
10TX00,339/VII/17,20170714,E165241,D68681,BP0A,2,2,,1,793.74,USD
10TX00,339/VII/17,20170714,E165242,D68681,BP0A,2,2,,1,793.74,USD
10TX00,339/VII/17,20170714,E165243,D68681,BP0A,2,2,,1,793.74,USD
10TX00,339/VII/17,20170714,E165244,D68681,BP0A,2,2,,1,793.74,USD
238988,339B/VII/17,20170714,,D68681,BP0A,2,2,1,24,3051.12,USD
238989,339B/VII/17,20170714,,D68681,BP0A,2,2,1,1,126.81,USD
238989,339B/VII/17,20170714,,D68681,BP0A,2,2,1,24,3043.44,USD
238990,339B/VII/17,20170714,,D68681,BP0A,2,2,1,29,2716.43,USD
238990,339B/VII/17,20170714,,D68681,BP0A,2,2,1,1,93.67,USD
238992,339B/VII/17,20170714,,D68681,BP0A,2,2,1,12,1142.04,USD
238993,339B/VII/17,20170714,,D68681,BP0A,2,2,1,72,6699.60,USD
238993,339B/VII/17,20170714,,D68681,BP0A,2,2,1,1,93.05,USD
238995,339B/VII/17,20170714,,D68681,BP0A,2,2,1,1,200.38,USD
238995,339B/VII/17,20170714,,D68681,BP0A,2,2,1,72,14427.36,USD
10HX0097,336/VII/17,20170713,G348003,D68681,BP0A,2,2,,1,1565.15,USD
10TA0071,336/VII/17,20170713,G350368,D68681,BP0A,2,2,,1,3940.85,USD
183618,336/VII/17,20170713,,D68681,BP0A,2,2,1,1,62.16,USD
183623,336/VII/17,20170713,,D68681,BP0A,2,2,1,1,53.04,USD
14-816993,336B/VII/17,20170713,,D68681,BP0A,2,2,1,1,73.22,USD
